month,claims,unique_patients,billed,allowed,paid
2024-01,2572,2369,1478756.96,1231433.95,808272.6
2024-02,2400,2218,1309337.25,1095234.51,748822.31
2024-03,2314,2122,1357208.98,1146590.58,787349.01
2024-04,2277,2093,1378251.29,1156884.5,782304.36
2024-05,2171,2012,1315043.24,1101405.94,782829.88
2024-06,2056,1936,1128724.98,939780.86,657906.93
2024-07,2086,1949,1319746.33,1110148.3,732537.19
2024-08,2259,2103,1341703.06,1128342.22,782135.63
2024-09,2187,2035,1210422.25,1015440.6,697737.31
2024-10,2258,2118,1291597.21,1077244.35,733508.12
2024-11,2472,2288,1560031.49,1307781.03,833089.84
2024-12,2564,2329,1471829.76,1229170.45,789242.75
2025-01,2602,2374,1458552.85,1207428.04,852662.66
2025-02,2274,2093,1295310.49,1079272.66,755361.74
2025-03,2243,2106,1291325.01,1080083.52,740100.76
2025-04,2143,1984,1130723.62,938000.9,639044.09
2025-05,2163,2003,1205328.47,999159.1,664258.08
2025-06,2089,1949,1204951.16,1009632.06,694871.6
2025-07,2144,1994,1196319.23,990877.47,672823.16
2025-08,2300,2127,1174614.08,983137.27,672265.79
2025-09,2279,2105,1342543.57,1125147.56,771025.16
2025-10,2189,2042,1393939.92,1158867.69,780790.15
2025-11,2378,2205,1366981.87,1134552.62,740977.46
2025-12,2497,2303,1325989.64,1103426.06,740119.15
2026-01,2514,2342,1446962.2,1203273.7,841905.91
2026-02,2324,2140,1335254.24,1119495.58,760309.71
2026-03,2258,2095,1343397.12,1126394.77,748727.4
2026-04,2131,1985,1394722.46,1174681.65,815697.0
2026-05,2133,1988,1175109.87,988309.06,657947.24
2026-06,2132,1984,1315723.48,1086998.25,763212.13
2026-07,2105,1949,1273903.32,1055767.75,715695.01
2026-08,2300,2128,1415913.57,1175983.4,786177.58
2026-09,2196,2021,1392371.49,1164998.04,766346.14
2026-10,1,1,57.75,46.87,36.54
2027-01,1,1,312.15,245.65,229.92
2027-03,2,2,5666.76,4747.15,1011.18
2027-04,2,2,632.91,506.88,389.67
2027-05,1,1,101.98,83.86,60.89
2027-06,1,1,1678.93,1191.92,1136.3
2027-07,2,2,324.14,271.74,238.36
2027-11,2,2,574.95,475.26,30.05
2027-12,2,2,390.96,349.63,267.12
2028-06,1,1,65.39,59.71,0.0
