month,claims,prior_month_claims,mom_growth_pct
2024-01,2572,,
2024-02,2400,2572.0,-6.69
2024-03,2314,2400.0,-3.58
2024-04,2277,2314.0,-1.6
2024-05,2171,2277.0,-4.66
2024-06,2056,2171.0,-5.3
2024-07,2086,2056.0,1.46
2024-08,2259,2086.0,8.29
2024-09,2187,2259.0,-3.19
2024-10,2258,2187.0,3.25
2024-11,2472,2258.0,9.48
2024-12,2564,2472.0,3.72
2025-01,2602,2564.0,1.48
2025-02,2274,2602.0,-12.61
2025-03,2243,2274.0,-1.36
2025-04,2143,2243.0,-4.46
2025-05,2163,2143.0,0.93
2025-06,2089,2163.0,-3.42
2025-07,2144,2089.0,2.63
2025-08,2300,2144.0,7.28
2025-09,2279,2300.0,-0.91
2025-10,2189,2279.0,-3.95
2025-11,2378,2189.0,8.63
2025-12,2497,2378.0,5.0
2026-01,2514,2497.0,0.68
2026-02,2324,2514.0,-7.56
2026-03,2258,2324.0,-2.84
2026-04,2131,2258.0,-5.62
2026-05,2133,2131.0,0.09
2026-06,2132,2133.0,-0.05
2026-07,2105,2132.0,-1.27
2026-08,2300,2105.0,9.26
2026-09,2196,2300.0,-4.52
2026-10,1,2196.0,-99.95
2027-01,1,1.0,0.0
2027-03,2,1.0,100.0
2027-04,2,2.0,0.0
2027-05,1,2.0,-50.0
2027-06,1,1.0,0.0
2027-07,2,1.0,100.0
2027-11,2,2.0,0.0
2027-12,2,2.0,0.0
2028-06,1,2.0,-50.0
