Specialty,claims,patients,avg_claim_amount,billed,paid,denial_rejection_rate_pct
Other,8594,6627,865.06,7434307.51,4250571.44,15.43
Orthopedics,5755,4780,1280.15,7367281.2,4159945.65,15.48
General Surgery,2789,2523,2507.42,6993189.79,3910550.28,15.6
Emergency Medicine,9699,7232,423.4,4106519.68,2351628.67,15.51
Family Medicine,13135,8861,236.96,3112512.3,1785640.34,16.06
Internal Medicine,11995,8441,241.04,2891316.65,1620399.15,15.92
Cardiology,5632,4650,457.4,2576075.51,1467724.65,15.31
Oncology,3560,3178,714.92,2545123.14,1446273.26,16.88
Obstetrics & Gynecology,2676,2454,847.22,2267162.39,1276769.96,17.0
Radiology,2754,2535,602.86,1660265.73,936073.6,16.59
Pediatrics,5952,4922,238.64,1420360.05,795528.31,16.7
Neurology,2340,2175,497.49,1164137.44,649630.96,16.54
