Provider_ID,Provider_Display_Name,Specialty,claims,avg_claim_amount,avg_allowed_amount,avg_paid_amount,payment_rate_pct
DR0105,Provider_0105,General Surgery,94,2988.11,2541.04,1705.99,67.14
DR0052,Provider_0052,General Surgery,340,2972.48,2493.5,1703.2,68.31
DR0218,Provider_0218,General Surgery,134,2866.05,2452.97,1542.45,62.88
DR0090,Provider_0090,General Surgery,270,2497.5,2067.46,1345.45,65.08
DR0221,Provider_0221,General Surgery,167,2491.98,2133.37,1240.22,58.13
DR0242,Provider_0242,General Surgery,823,2473.21,2066.67,1364.37,66.02
DR0319,Provider_0319,Orthopedics,64,2223.68,1931.67,1215.27,62.91
DR0215,Provider_0215,General Surgery,110,2218.66,1798.33,1255.9,69.84
DR0374,Provider_0374,General Surgery,479,2156.93,1783.03,1224.71,68.69
DR0350,Provider_0350,General Surgery,102,2142.17,1799.23,1315.15,73.09
DR0448,Provider_0448,Orthopedics,60,2118.48,1779.03,1208.47,67.93
DR0130,Provider_0130,General Surgery,59,1842.06,1506.85,999.61,66.34
DR0241,Provider_0241,Orthopedics,162,1743.01,1420.54,914.18,64.35
DR0388,Provider_0388,General Surgery,98,1542.35,1323.93,929.51,70.21
DR0294,Provider_0294,Orthopedics,134,1525.34,1268.58,900.22,70.96
DR0352,Provider_0352,Orthopedics,238,1466.81,1246.03,949.52,76.2
DR0314,Provider_0314,Orthopedics,101,1448.93,1219.11,963.98,79.07
DR0163,Provider_0163,Orthopedics,264,1446.78,1189.36,801.39,67.38
DR0153,Provider_0153,Orthopedics,178,1384.77,1128.35,789.53,69.97
DR0246,Provider_0246,Orthopedics,69,1380.98,1103.38,794.33,71.99
DR0311,Provider_0311,Orthopedics,331,1357.3,1131.28,773.38,68.36
DR0318,Provider_0318,Orthopedics,424,1349.51,1142.56,823.3,72.06
DR0002,Provider_0002,Obstetrics & Gynecology,50,1341.13,1153.86,778.61,67.48
DR0404,Provider_0404,Orthopedics,626,1323.86,1095.25,724.2,66.12
DR0015,Provider_0015,Orthopedics,93,1292.59,1048.19,658.5,62.82
DR0196,Provider_0196,Orthopedics,152,1274.33,1082.24,654.87,60.51
DR0422,Provider_0422,Orthopedics,79,1242.33,1018.18,817.22,80.26
DR0416,Provider_0416,Orthopedics,444,1242.22,1009.59,686.78,68.03
DR0376,Provider_0376,Orthopedics,177,1218.74,1044.55,649.21,62.15
DR0188,Provider_0188,Orthopedics,110,1210.73,1017.91,665.5,65.38
DR0263,Provider_0263,Orthopedics,475,1206.25,988.89,623.37,63.04
DR0006,Provider_0006,Orthopedics,335,1158.6,967.34,574.4,59.38
DR0129,Provider_0129,Obstetrics & Gynecology,65,1117.38,935.5,728.45,77.87
DR0234,Provider_0234,Orthopedics,75,1116.4,941.17,727.75,77.32
DR0346,Provider_0346,Orthopedics,86,1114.42,893.75,686.31,76.79
DR0213,Provider_0213,Other,70,1091.84,854.47,458.52,53.66
DR0181,Provider_0181,Orthopedics,95,1089.82,883.04,513.72,58.18
DR0329,Provider_0329,Other,94,1069.32,931.53,741.31,79.58
DR0010,Provider_0010,Orthopedics,73,1067.59,886.88,708.1,79.84
DR0152,Provider_0152,Other,149,1051.09,866.63,607.54,70.1
DR0259,Provider_0259,Orthopedics,191,1034.04,847.04,697.12,82.3
DR0040,Provider_0040,Other,105,1028.45,877.38,657.0,74.88
DR0201,Provider_0201,Orthopedics,248,1018.48,854.16,552.86,64.73
DR0192,Provider_0192,Obstetrics & Gynecology,51,1004.22,842.45,504.19,59.85
DR0419,Provider_0419,Orthopedics,308,987.79,829.01,574.56,69.31
DR0187,Provider_0187,Other,231,981.4,806.9,573.69,71.1
DR0184,Provider_0184,Other,141,975.78,814.4,601.3,73.83
DR0029,Provider_0029,Obstetrics & Gynecology,136,965.64,790.81,552.67,69.89
DR0381,Provider_0381,Other,218,956.56,806.29,567.67,70.41
DR0296,Provider_0296,Other,93,955.59,831.33,623.95,75.05
DR0276,Provider_0276,Other,59,944.76,803.27,597.27,74.36
DR0289,Provider_0289,Other,85,937.89,810.75,412.27,50.85
DR0149,Provider_0149,Other,55,937.82,769.62,479.17,62.26
DR0250,Provider_0250,Orthopedics,163,937.25,759.91,515.48,67.84
DR0085,Provider_0085,Obstetrics & Gynecology,229,932.61,774.48,575.94,74.36
DR0245,Provider_0245,Other,312,926.03,788.71,524.09,66.45
DR0437,Provider_0437,Other,292,924.09,780.69,521.37,66.78
DR0342,Provider_0342,Other,235,922.73,769.63,505.45,65.67
DR0383,Provider_0383,Other,77,915.7,790.25,576.56,72.96
DR0020,Provider_0020,Obstetrics & Gynecology,87,913.44,770.6,498.73,64.72
DR0343,Provider_0343,Oncology,103,911.14,783.42,542.69,69.27
DR0334,Provider_0334,Other,63,909.88,768.56,518.47,67.46
DR0433,Provider_0433,Other,171,901.52,757.67,548.58,72.4
DR0117,Provider_0117,Obstetrics & Gynecology,99,901.13,753.37,428.42,56.87
DR0055,Provider_0055,Other,69,898.96,745.43,541.12,72.59
DR0400,Provider_0400,Other,87,895.16,717.99,467.76,65.15
DR0135,Provider_0135,Other,143,889.43,740.71,491.56,66.36
DR0293,Provider_0293,Oncology,53,878.16,736.22,524.58,71.25
DR0325,Provider_0325,Other,308,876.05,721.03,454.16,62.99
DR0281,Provider_0281,Obstetrics & Gynecology,305,871.94,724.64,469.1,64.73
DR0186,Provider_0186,Obstetrics & Gynecology,437,862.27,718.32,493.14,68.65
DR0356,Provider_0356,Obstetrics & Gynecology,269,856.69,712.27,452.97,63.59
DR0078,Provider_0078,Other,188,854.22,720.36,517.09,71.78
DR0269,Provider_0269,Other,289,853.78,719.26,438.07,60.91
DR0035,Provider_0035,Other,1552,852.05,715.45,488.03,68.21
DR0054,Provider_0054,Other,99,851.93,725.89,421.2,58.03
DR0113,Provider_0113,Obstetrics & Gynecology,104,849.1,708.49,461.75,65.17
DR0270,Provider_0270,Radiology,75,845.52,692.63,492.93,71.17
DR0047,Provider_0047,Oncology,111,844.85,708.82,489.58,69.07
DR0447,Provider_0447,Other,83,843.49,706.6,513.18,72.63
DR0257,Provider_0257,Other,164,839.07,699.21,447.0,63.93
DR0283,Provider_0283,Other,406,838.81,702.65,485.38,69.08
DR0176,Provider_0176,Other,207,836.98,703.11,476.77,67.81
DR0299,Provider_0299,Other,246,830.65,695.46,482.41,69.37
DR0183,Provider_0183,Other,350,822.21,694.0,470.09,67.74
DR0193,Provider_0193,Other,58,818.18,646.22,503.01,77.84
DR0365,Provider_0365,Other,52,813.7,699.75,460.94,65.87
DR0274,Provider_0274,Oncology,60,805.02,677.8,532.77,78.6
DR0141,Provider_0141,Other,110,803.48,690.74,461.92,66.87
DR0013,Provider_0013,Oncology,248,800.69,674.83,468.83,69.47
DR0291,Provider_0291,Other,226,793.57,665.45,497.21,74.72
DR0166,Provider_0166,Cardiology,125,789.59,649.85,464.41,71.46
DR0009,Provider_0009,Obstetrics & Gynecology,236,787.76,645.7,424.05,65.67
DR0014,Provider_0014,Other,190,787.07,666.78,441.84,66.26
DR0341,Provider_0341,Obstetrics & Gynecology,94,785.67,662.45,480.62,72.55
DR0027,Provider_0027,Other,288,785.38,664.25,438.91,66.08
DR0292,Provider_0292,Oncology,67,781.16,641.62,428.54,66.79
DR0279,Provider_0279,Radiology,74,777.76,622.6,425.28,68.31
DR0200,Provider_0200,Other,108,777.17,663.45,460.83,69.46
DR0309,Provider_0309,Other,76,759.78,652.66,332.13,50.89
DR0031,Provider_0031,Oncology,486,754.33,630.08,421.72,66.93
DR0237,Provider_0237,Obstetrics & Gynecology,53,744.92,626.93,390.5,62.29
DR0109,Provider_0109,Neurology,118,744.49,615.41,418.77,68.05
DR0172,Provider_0172,Radiology,59,743.64,610.78,452.0,74.0
DR0102,Provider_0102,Oncology,242,741.32,614.11,421.68,68.67
DR0253,Provider_0253,Obstetrics & Gynecology,134,735.0,605.85,446.1,73.63
DR0267,Provider_0267,Oncology,200,727.48,605.54,415.71,68.65
DR0442,Provider_0442,Other,143,723.82,600.09,409.36,68.22
DR0368,Provider_0368,Oncology,126,714.01,594.68,383.32,64.46
DR0312,Provider_0312,Oncology,224,708.68,581.28,397.75,68.43
DR0037,Provider_0037,Oncology,74,706.48,591.15,422.98,71.55
DR0440,Provider_0440,Oncology,109,690.3,577.78,390.32,67.55
DR0189,Provider_0189,Oncology,344,685.69,574.2,381.08,66.37
DR0194,Provider_0194,Oncology,138,673.08,556.89,350.04,62.86
DR0049,Provider_0049,Radiology,86,672.23,568.21,387.77,68.24
DR0290,Provider_0290,Radiology,140,667.7,558.78,374.43,67.01
DR0441,Provider_0441,Cardiology,90,663.95,552.67,323.27,58.49
DR0435,Provider_0435,Other,116,658.88,553.5,394.2,71.22
DR0082,Provider_0082,Oncology,291,658.25,544.54,358.62,65.86
DR0225,Provider_0225,Radiology,99,658.18,530.78,349.56,65.86
DR0195,Provider_0195,Other,74,652.59,564.77,401.26,71.05
DR0132,Provider_0132,Oncology,98,650.55,540.93,370.0,68.4
DR0150,Provider_0150,Other,60,646.21,552.92,373.41,67.53
DR0098,Provider_0098,Obstetrics & Gynecology,91,644.05,542.43,428.42,78.98
DR0154,Provider_0154,Obstetrics & Gynecology,66,639.56,520.63,403.64,77.53
DR0233,Provider_0233,Other,101,636.25,525.49,392.04,74.6
DR0210,Provider_0210,Cardiology,86,636.16,528.26,375.27,71.04
DR0379,Provider_0379,Radiology,53,635.05,530.76,334.21,62.97
DR0353,Provider_0353,Radiology,66,633.34,527.72,299.43,56.74
DR0125,Provider_0125,Neurology,123,631.49,524.43,289.88,55.28
DR0327,Provider_0327,Oncology,88,615.42,508.48,344.28,67.71
DR0430,Provider_0430,Radiology,149,611.95,503.56,344.56,68.42
DR0114,Provider_0114,Radiology,140,610.74,513.77,341.08,66.39
DR0206,Provider_0206,Radiology,500,602.73,508.11,327.73,64.5
DR0178,Provider_0178,Oncology,186,598.79,497.36,331.2,66.59
DR0133,Provider_0133,Cardiology,135,596.56,511.34,328.03,64.15
DR0086,Provider_0086,Radiology,139,594.6,498.14,322.53,64.75
DR0324,Provider_0324,Oncology,100,586.57,478.3,343.96,71.91
DR0366,Provider_0366,Obstetrics & Gynecology,94,579.95,502.61,281.13,55.93
DR0236,Provider_0236,Cardiology,98,576.96,478.15,360.77,75.45
DR0415,Provider_0415,Radiology,127,573.88,488.67,365.05,74.7
DR0220,Provider_0220,Radiology,187,568.65,481.62,328.42,68.19
DR0357,Provider_0357,Radiology,193,566.35,462.94,309.05,66.76
DR0216,Provider_0216,Radiology,225,549.65,455.4,320.39,70.35
DR0432,Provider_0432,Neurology,58,547.23,454.69,294.92,64.86
DR0034,Provider_0034,Radiology,197,545.65,456.44,337.71,73.99
DR0445,Provider_0445,Neurology,71,535.41,449.48,327.62,72.89
DR0127,Provider_0127,Neurology,60,529.53,453.43,349.57,77.09
DR0306,Provider_0306,Oncology,53,527.99,438.56,285.42,65.08
DR0103,Provider_0103,Neurology,385,519.72,435.68,292.0,67.02
DR0390,Provider_0390,Oncology,77,509.14,425.1,306.26,72.05
DR0265,Provider_0265,Cardiology,498,506.6,424.09,284.95,67.19
DR0043,Provider_0043,Cardiology,73,505.42,417.37,272.66,65.33
DR0145,Provider_0145,Emergency Medicine,150,501.62,411.81,280.38,68.09
DR0107,Provider_0107,Cardiology,256,501.19,429.69,300.66,69.97
DR0361,Provider_0361,Neurology,142,498.83,417.06,317.03,76.02
DR0032,Provider_0032,Neurology,143,489.29,413.52,292.94,70.84
DR0389,Provider_0389,Emergency Medicine,104,487.15,412.86,313.9,76.03
DR0168,Provider_0168,Cardiology,99,477.52,394.99,296.83,75.15
DR0450,Provider_0450,Cardiology,130,476.04,393.72,288.5,73.28
DR0209,Provider_0209,Emergency Medicine,646,475.01,397.83,271.14,68.15
DR0063,Provider_0063,Radiology,84,473.87,396.29,223.19,56.32
DR0050,Provider_0050,Emergency Medicine,51,472.39,408.76,297.8,72.86
DR0144,Provider_0144,Cardiology,232,471.34,399.13,267.21,66.95
DR0025,Provider_0025,Emergency Medicine,206,469.44,382.92,245.67,64.16
DR0140,Provider_0140,Cardiology,164,468.86,387.51,257.86,66.54
DR0005,Provider_0005,Emergency Medicine,82,468.43,391.48,295.75,75.55
DR0338,Provider_0338,Neurology,250,465.76,388.15,264.93,68.25
DR0410,Provider_0410,Cardiology,231,463.69,383.69,273.49,71.28
DR0131,Provider_0131,Neurology,573,461.57,386.33,244.17,63.2
DR0023,Provider_0023,Radiology,124,460.45,385.59,284.66,73.82
DR0224,Provider_0224,Emergency Medicine,253,459.91,384.84,270.2,70.21
DR0300,Provider_0300,Cardiology,238,458.95,381.76,242.05,63.4
DR0426,Provider_0426,Emergency Medicine,59,457.41,381.57,252.79,66.25
DR0335,Provider_0335,Emergency Medicine,127,457.27,374.86,268.92,71.74
DR0409,Provider_0409,Emergency Medicine,217,455.72,388.56,246.66,63.48
DR0372,Provider_0372,Emergency Medicine,695,453.04,378.43,256.35,67.74
DR0271,Provider_0271,Emergency Medicine,208,451.29,374.32,266.05,71.07
DR0449,Provider_0449,Emergency Medicine,58,450.51,386.37,298.82,77.34
DR0111,Provider_0111,Emergency Medicine,180,446.59,378.15,280.5,74.18
DR0126,Provider_0126,Emergency Medicine,246,443.33,374.92,232.41,61.99
DR0059,Provider_0059,Emergency Medicine,138,443.24,373.87,211.34,56.53
DR0301,Provider_0301,Cardiology,341,443.15,370.97,259.65,69.99
DR0003,Provider_0003,Emergency Medicine,406,441.44,372.85,278.98,74.82
DR0057,Provider_0057,Emergency Medicine,177,440.39,367.8,258.18,70.19
DR0099,Provider_0099,Cardiology,82,439.2,374.98,280.32,74.76
DR0360,Provider_0360,Cardiology,189,438.19,369.26,251.36,68.07
DR0177,Provider_0177,Emergency Medicine,247,437.63,368.15,257.89,70.05
DR0244,Provider_0244,Emergency Medicine,257,437.43,363.7,255.2,70.17
DR0305,Provider_0305,Emergency Medicine,176,437.09,362.87,259.5,71.52
DR0185,Provider_0185,Emergency Medicine,141,433.2,358.99,230.95,64.33
DR0439,Provider_0439,Emergency Medicine,132,429.47,367.35,272.67,74.23
DR0128,Provider_0128,Emergency Medicine,136,429.43,352.16,255.04,72.42
DR0332,Provider_0332,Cardiology,506,427.71,357.13,247.43,69.28
DR0116,Provider_0116,Emergency Medicine,87,425.82,349.8,258.4,73.87
DR0262,Provider_0262,Emergency Medicine,122,422.91,344.59,245.86,71.35
DR0393,Provider_0393,Emergency Medicine,248,421.03,352.33,230.51,65.43
DR0288,Provider_0288,Cardiology,365,420.3,345.52,230.56,66.73
DR0444,Provider_0444,Emergency Medicine,58,418.96,347.41,271.35,78.11
DR0227,Provider_0227,Emergency Medicine,157,417.99,348.9,233.17,66.83
DR0137,Provider_0137,Emergency Medicine,195,414.42,342.62,258.1,75.33
DR0036,Provider_0036,Emergency Medicine,90,414.28,348.11,275.81,79.23
DR0316,Provider_0316,Neurology,97,414.26,346.92,239.57,69.05
DR0310,Provider_0310,Cardiology,74,414.17,343.07,246.98,71.99
DR0159,Provider_0159,Cardiology,221,412.7,343.23,224.31,65.35
DR0401,Provider_0401,Emergency Medicine,144,407.16,330.38,210.04,63.57
DR0247,Provider_0247,Emergency Medicine,102,405.5,343.34,209.67,61.07
DR0151,Provider_0151,Emergency Medicine,121,404.32,332.74,250.99,75.43
DR0317,Provider_0317,Emergency Medicine,53,402.36,333.73,251.68,75.41
DR0438,Provider_0438,Emergency Medicine,292,400.58,338.73,245.68,72.53
DR0394,Provider_0394,Neurology,83,400.57,335.56,189.45,56.46
DR0417,Provider_0417,Cardiology,230,397.77,334.03,218.23,65.33
DR0385,Provider_0385,Emergency Medicine,79,397.69,336.78,214.0,63.54
DR0030,Provider_0030,Cardiology,114,396.88,333.07,227.02,68.16
DR0065,Provider_0065,Emergency Medicine,129,393.37,327.48,227.88,69.59
DR0229,Provider_0229,Emergency Medicine,374,392.06,328.42,213.97,65.15
DR0313,Provider_0313,Cardiology,157,391.84,326.1,226.32,69.4
DR0070,Provider_0070,Emergency Medicine,275,391.16,323.99,203.39,62.78
DR0331,Provider_0331,Cardiology,292,391.13,326.07,224.78,68.94
DR0266,Provider_0266,Emergency Medicine,52,391.08,330.54,259.74,78.58
DR0115,Provider_0115,Emergency Medicine,203,387.12,315.99,201.61,63.8
DR0349,Provider_0349,Cardiology,180,386.52,321.4,211.26,65.73
DR0278,Provider_0278,Emergency Medicine,115,386.19,326.5,204.09,62.51
DR0021,Provider_0021,Emergency Medicine,261,383.29,319.44,212.9,66.65
DR0214,Provider_0214,Pediatrics,139,373.28,327.69,222.52,67.91
DR0033,Provider_0033,Internal Medicine,79,367.34,308.13,191.03,62.0
DR0018,Provider_0018,Emergency Medicine,136,367.23,308.64,218.04,70.64
DR0068,Provider_0068,Emergency Medicine,236,364.89,305.73,196.57,64.29
DR0375,Provider_0375,Emergency Medicine,200,363.44,301.29,208.69,69.27
DR0277,Provider_0277,Pediatrics,86,363.08,317.59,233.96,73.67
DR0369,Provider_0369,Emergency Medicine,75,360.64,301.52,197.7,65.57
DR0261,Provider_0261,Internal Medicine,174,358.42,306.63,238.28,77.71
DR0412,Provider_0412,Pediatrics,136,358.18,285.26,212.54,74.51
DR0071,Provider_0071,Emergency Medicine,151,354.82,295.85,181.48,61.34
DR0402,Provider_0402,Neurology,146,351.7,291.13,205.81,70.7
DR0408,Provider_0408,Emergency Medicine,72,351.0,287.09,202.06,70.38
DR0104,Provider_0104,Internal Medicine,177,349.85,291.02,184.64,63.45
DR0096,Provider_0096,Cardiology,79,344.07,292.02,194.64,66.65
DR0287,Provider_0287,Emergency Medicine,102,343.61,280.97,180.57,64.27
DR0008,Provider_0008,Family Medicine,80,340.69,294.99,209.25,70.93
DR0077,Provider_0077,Internal Medicine,126,336.13,268.3,186.57,69.54
DR0046,Provider_0046,Emergency Medicine,157,334.86,276.04,187.75,68.01
DR0328,Provider_0328,Emergency Medicine,58,330.49,282.28,211.61,74.96
DR0258,Provider_0258,Family Medicine,102,329.48,263.67,197.38,74.86
DR0123,Provider_0123,Family Medicine,106,325.89,290.94,219.52,75.45
DR0101,Provider_0101,Cardiology,78,321.3,268.25,174.73,65.14
DR0084,Provider_0084,Family Medicine,292,318.3,264.33,189.81,71.81
DR0075,Provider_0075,Emergency Medicine,60,311.11,265.21,195.23,73.61
DR0167,Provider_0167,Cardiology,67,308.8,255.86,161.15,62.98
DR0179,Provider_0179,Cardiology,84,305.13,252.83,182.09,72.02
DR0089,Provider_0089,Pediatrics,335,304.07,247.84,161.21,65.04
DR0330,Provider_0330,Family Medicine,62,303.1,252.75,173.14,68.5
DR0173,Provider_0173,Family Medicine,435,298.15,246.94,162.52,65.81
DR0147,Provider_0147,Internal Medicine,153,298.05,247.47,153.2,61.91
DR0285,Provider_0285,Internal Medicine,122,294.63,242.84,112.67,46.39
DR0284,Provider_0284,Internal Medicine,60,291.99,248.82,168.22,67.61
DR0155,Provider_0155,Family Medicine,55,290.25,241.72,170.5,70.53
DR0428,Provider_0428,Internal Medicine,351,287.82,234.77,170.93,72.81
DR0251,Provider_0251,Internal Medicine,288,286.97,242.35,166.64,68.76
DR0413,Provider_0413,Family Medicine,133,286.88,231.16,138.4,59.88
DR0017,Provider_0017,Internal Medicine,92,286.73,241.18,131.52,54.53
DR0110,Provider_0110,Internal Medicine,115,285.26,234.9,151.33,64.42
DR0354,Provider_0354,Family Medicine,291,285.22,237.89,174.98,73.55
DR0232,Provider_0232,Family Medicine,126,278.9,226.76,162.81,71.8
DR0136,Provider_0136,Internal Medicine,119,274.66,230.04,142.25,61.84
DR0333,Provider_0333,Pediatrics,84,273.44,227.82,111.05,48.74
DR0424,Provider_0424,Family Medicine,91,271.93,220.94,169.74,76.83
DR0162,Provider_0162,Pediatrics,309,271.59,227.92,132.89,58.31
DR0295,Provider_0295,Internal Medicine,59,269.41,223.13,152.08,68.16
DR0074,Provider_0074,Pediatrics,79,268.86,226.66,164.13,72.41
DR0321,Provider_0321,Pediatrics,83,268.56,228.23,144.87,63.47
DR0249,Provider_0249,Family Medicine,145,268.27,225.61,162.76,72.14
DR0169,Provider_0169,Family Medicine,60,268.1,227.48,146.68,64.48
DR0344,Provider_0344,Internal Medicine,181,267.15,219.91,161.59,73.48
DR0026,Provider_0026,Family Medicine,193,266.7,224.76,149.79,66.64
DR0175,Provider_0175,Internal Medicine,200,266.52,225.76,139.18,61.65
DR0223,Provider_0223,Internal Medicine,55,264.96,225.6,146.9,65.12
DR0197,Provider_0197,Pediatrics,185,262.77,220.98,142.8,64.62
DR0226,Provider_0226,Family Medicine,467,261.31,214.51,159.99,74.58
DR0066,Provider_0066,Internal Medicine,215,258.64,216.68,153.4,70.8
DR0118,Provider_0118,Internal Medicine,104,258.35,221.68,114.56,51.68
DR0363,Provider_0363,Internal Medicine,379,257.3,210.07,136.56,65.01
DR0081,Provider_0081,Internal Medicine,761,256.41,212.76,142.19,66.83
DR0429,Provider_0429,Family Medicine,50,254.71,203.73,151.03,74.13
DR0231,Provider_0231,Internal Medicine,104,250.26,212.11,122.97,57.98
DR0407,Provider_0407,Internal Medicine,291,250.11,212.05,145.71,68.72
DR0045,Provider_0045,Family Medicine,119,249.92,210.11,130.32,62.02
DR0160,Provider_0160,Family Medicine,326,249.25,208.63,155.66,74.61
DR0022,Provider_0022,Family Medicine,125,248.43,212.8,142.61,67.02
DR0112,Provider_0112,Internal Medicine,740,248.1,211.1,140.24,66.43
DR0143,Provider_0143,Internal Medicine,115,248.08,207.83,135.93,65.4
DR0406,Provider_0406,Family Medicine,69,246.35,206.66,144.7,70.02
DR0019,Provider_0019,Internal Medicine,183,245.05,202.3,148.76,73.54
DR0048,Provider_0048,Family Medicine,218,244.83,204.38,144.22,70.56
DR0080,Provider_0080,Family Medicine,82,244.25,201.52,111.03,55.1
DR0001,Provider_0001,Family Medicine,85,244.01,203.86,150.35,73.75
DR0427,Provider_0427,Internal Medicine,135,243.92,204.52,140.78,68.83
DR0339,Provider_0339,Internal Medicine,154,243.54,203.47,116.19,57.1
DR0297,Provider_0297,Internal Medicine,87,242.55,201.76,123.25,61.09
DR0298,Provider_0298,Family Medicine,59,242.1,202.47,142.49,70.37
DR0038,Provider_0038,Family Medicine,239,241.19,201.99,132.77,65.73
DR0079,Provider_0079,Internal Medicine,237,240.82,199.09,138.45,69.54
DR0238,Provider_0238,Family Medicine,77,240.72,203.54,105.23,51.7
DR0260,Provider_0260,Internal Medicine,72,240.03,194.0,149.7,77.17
DR0380,Provider_0380,Family Medicine,261,239.9,197.15,129.7,65.79
DR0386,Provider_0386,Family Medicine,1921,238.96,199.08,137.11,68.87
DR0286,Provider_0286,Internal Medicine,178,238.43,201.87,143.98,71.32
DR0093,Provider_0093,Internal Medicine,396,238.21,201.09,128.96,64.13
DR0252,Provider_0252,Pediatrics,57,237.09,199.47,132.63,66.49
DR0061,Provider_0061,Family Medicine,103,235.58,191.74,129.9,67.75
DR0345,Provider_0345,Internal Medicine,114,235.46,197.07,146.45,74.32
DR0120,Provider_0120,Internal Medicine,57,234.98,202.96,114.84,56.58
DR0423,Provider_0423,Pediatrics,87,234.08,195.91,127.68,65.17
DR0351,Provider_0351,Family Medicine,91,234.03,198.55,147.73,74.41
DR0217,Provider_0217,Pediatrics,103,233.97,194.96,107.14,54.96
DR0156,Provider_0156,Internal Medicine,186,233.94,199.74,130.3,65.24
DR0397,Provider_0397,Pediatrics,501,233.86,196.44,132.43,67.42
DR0367,Provider_0367,Family Medicine,128,233.42,194.13,138.62,71.4
DR0199,Provider_0199,Family Medicine,314,232.83,195.49,126.21,64.56
DR0191,Provider_0191,Family Medicine,250,232.73,195.3,122.95,62.95
DR0282,Provider_0282,Family Medicine,672,232.26,193.64,133.17,68.77
DR0323,Provider_0323,Family Medicine,62,231.63,190.03,125.05,65.81
DR0062,Provider_0062,Internal Medicine,508,231.08,191.64,126.92,66.23
DR0337,Provider_0337,Family Medicine,425,229.81,193.77,137.36,70.89
DR0443,Provider_0443,Family Medicine,433,229.07,193.4,132.08,68.29
DR0264,Provider_0264,Internal Medicine,189,228.19,195.66,141.53,72.34
DR0382,Provider_0382,Pediatrics,404,225.69,187.58,121.95,65.01
DR0067,Provider_0067,Family Medicine,96,225.05,189.77,114.94,60.57
DR0268,Provider_0268,Family Medicine,67,225.03,192.87,150.44,78.0
DR0446,Provider_0446,Family Medicine,165,224.53,189.81,122.81,64.7
DR0255,Provider_0255,Internal Medicine,83,224.25,188.54,145.26,77.04
DR0170,Provider_0170,Internal Medicine,250,224.13,185.07,129.26,69.84
DR0431,Provider_0431,Internal Medicine,355,223.65,186.87,134.79,72.13
DR0158,Provider_0158,Family Medicine,191,222.69,186.69,121.29,64.97
DR0240,Provider_0240,Pediatrics,899,222.1,186.91,130.68,69.91
DR0108,Provider_0108,Pediatrics,156,221.41,185.31,121.28,65.45
DR0370,Provider_0370,Internal Medicine,96,220.22,181.49,133.06,73.32
DR0235,Provider_0235,Family Medicine,292,219.3,184.57,119.61,64.8
DR0161,Provider_0161,Family Medicine,248,219.17,180.5,116.16,64.36
DR0434,Provider_0434,Family Medicine,129,219.08,179.34,120.94,67.43
DR0088,Provider_0088,Family Medicine,244,218.83,181.64,124.11,68.32
DR0228,Provider_0228,Internal Medicine,199,218.02,182.21,132.86,72.92
DR0083,Provider_0083,Internal Medicine,242,217.73,183.3,123.76,67.52
DR0060,Provider_0060,Pediatrics,144,216.19,180.49,135.49,75.07
DR0391,Provider_0391,Family Medicine,80,216.07,179.71,107.61,59.88
DR0198,Provider_0198,Pediatrics,115,215.72,176.14,107.29,60.91
DR0395,Provider_0395,Pediatrics,141,215.6,181.98,128.04,70.36
DR0355,Provider_0355,Internal Medicine,120,215.54,181.61,109.35,60.21
DR0425,Provider_0425,Family Medicine,158,215.31,182.15,123.66,67.89
DR0076,Provider_0076,Pediatrics,444,214.71,178.3,119.12,66.81
DR0362,Provider_0362,Internal Medicine,88,213.45,178.43,99.72,55.89
DR0340,Provider_0340,Pediatrics,80,213.33,178.77,111.97,62.63
DR0157,Provider_0157,Internal Medicine,104,213.16,174.98,122.89,70.23
DR0405,Provider_0405,Family Medicine,185,212.85,177.87,113.85,64.01
DR0302,Provider_0302,Internal Medicine,487,211.46,176.56,118.22,66.95
DR0121,Provider_0121,Pediatrics,60,209.96,168.69,108.33,64.22
DR0307,Provider_0307,Pediatrics,239,208.16,172.6,116.07,67.25
DR0051,Provider_0051,Family Medicine,64,206.53,171.07,114.83,67.13
DR0171,Provider_0171,Family Medicine,94,205.68,169.16,133.92,79.16
DR0392,Provider_0392,Internal Medicine,79,204.5,173.09,117.67,67.98
DR0336,Provider_0336,Family Medicine,519,204.45,169.86,121.79,71.7
DR0315,Provider_0315,Internal Medicine,56,202.8,168.42,122.72,72.87
DR0042,Provider_0042,Pediatrics,106,201.9,167.53,106.09,63.33
DR0139,Provider_0139,Internal Medicine,278,201.57,166.21,118.76,71.45
DR0028,Provider_0028,Pediatrics,177,201.2,170.04,123.45,72.6
DR0326,Provider_0326,Family Medicine,59,201.08,164.5,111.23,67.62
DR0280,Provider_0280,Internal Medicine,112,200.86,170.85,110.54,64.7
DR0106,Provider_0106,Internal Medicine,50,200.69,168.85,130.48,77.28
DR0016,Provider_0016,Internal Medicine,181,200.17,166.42,110.08,66.14
DR0377,Provider_0377,Family Medicine,54,199.75,168.97,110.29,65.27
DR0243,Provider_0243,Internal Medicine,202,199.44,165.22,93.96,56.87
DR0064,Provider_0064,Family Medicine,95,198.58,164.7,102.45,62.21
DR0358,Provider_0358,Pediatrics,65,198.58,167.21,116.57,69.71
DR0403,Provider_0403,Family Medicine,177,198.07,161.43,107.93,66.86
DR0039,Provider_0039,Internal Medicine,77,196.82,164.75,101.97,61.89
DR0378,Provider_0378,Pediatrics,113,195.6,164.62,112.16,68.13
DR0398,Provider_0398,Internal Medicine,127,195.33,166.11,119.41,71.89
DR0180,Provider_0180,Pediatrics,136,195.32,165.52,112.7,68.09
DR0436,Provider_0436,Family Medicine,89,194.39,160.99,111.42,69.21
DR0387,Provider_0387,Pediatrics,69,194.32,159.64,122.9,76.99
DR0202,Provider_0202,Internal Medicine,255,193.4,161.16,112.13,69.58
DR0204,Provider_0204,Family Medicine,105,193.23,163.44,107.12,65.54
DR0347,Provider_0347,Family Medicine,65,193.16,160.12,100.12,62.53
DR0303,Provider_0303,Family Medicine,248,192.32,161.87,118.17,73.0
DR0203,Provider_0203,Internal Medicine,53,192.09,156.39,95.44,61.03
DR0272,Provider_0272,Internal Medicine,51,190.91,153.23,101.4,66.18
DR0190,Provider_0190,Internal Medicine,79,189.45,156.27,116.44,74.51
DR0421,Provider_0421,Internal Medicine,52,189.07,153.27,112.9,73.66
DR0004,Provider_0004,Family Medicine,60,185.96,155.35,94.96,61.13
DR0222,Provider_0222,Pediatrics,58,185.83,151.81,107.42,70.76
DR0148,Provider_0148,Family Medicine,256,185.44,155.99,104.05,66.7
DR0275,Provider_0275,Internal Medicine,184,181.94,153.14,106.86,69.78
DR0211,Provider_0211,Family Medicine,149,179.61,149.28,102.59,68.73
DR0058,Provider_0058,Internal Medicine,101,179.36,150.67,115.4,76.59
DR0164,Provider_0164,Family Medicine,83,178.8,153.81,115.48,75.08
DR0122,Provider_0122,Pediatrics,85,176.41,146.27,95.32,65.17
DR0348,Provider_0348,Internal Medicine,61,172.94,141.91,93.42,65.83
DR0069,Provider_0069,Internal Medicine,79,170.53,143.87,91.39,63.52
DR0007,Provider_0007,Pediatrics,102,169.77,145.02,95.62,65.93
DR0371,Provider_0371,Internal Medicine,83,163.22,136.94,101.69,74.26
DR0248,Provider_0248,Family Medicine,118,162.9,134.57,91.96,68.33
DR0420,Provider_0420,Family Medicine,80,158.93,135.15,96.63,71.5
DR0056,Provider_0056,Internal Medicine,52,140.15,115.89,81.09,69.97
