Facility_ID,Facility_Name,Facility_Type,Facility_Size,claims,patients,billed,paid,payment_rate_pct
F017,Facility_017,Hospital,Medium,3372,3004,3538780.27,1973702.38,66.67
F020,Facility_020,Hospital,Large,5799,4817,3527615.35,2007196.7,68.09
F022,Facility_022,Hospital,Large,4335,3786,3397918.71,1977086.21,69.68
F013,Facility_013,Hospital,Large,4911,4149,2424143.88,1406864.47,69.64
F008,Facility_008,Hospital,Small,3388,3039,2276101.69,1292241.11,67.89
F007,Facility_007,Hospital,Large,4169,3638,2274342.21,1266382.86,67.02
F011,Facility_011,Hospital,Large,5889,4852,2242217.43,1273988.8,68.07
F006,Facility_006,Hospital,Small,2164,2030,2051814.1,1157592.45,67.46
F021,Facility_021,Ambulatory Center,Small,3116,2804,2007560.91,1129445.56,67.81
F019,Facility_019,Ambulatory Center,Medium,3504,3168,1997461.34,1137259.27,67.73
F004,Facility_004,Clinic,Medium,2563,2351,1919462.05,1068985.76,66.81
F002,Facility_002,Ambulatory Center,Large,3260,2926,1750316.17,1005821.98,69.22
F001,Facility_001,Hospital,Large,3204,2898,1673826.15,964017.77,68.67
F024,Facility_024,Ambulatory Center,Medium,3170,2854,1666169.18,912779.31,65.61
F012,Facility_012,Ambulatory Center,Medium,3547,3125,1485335.37,836444.64,67.26
F005,Facility_005,Ambulatory Center,Small,2350,2162,1329585.62,758700.87,67.82
F014,Facility_014,Hospital,Small,2211,2055,1217733.82,683591.24,68.37
F023,Facility_023,Clinic,Medium,2108,1978,1117244.68,659541.89,69.91
F003,Facility_003,Clinic,Small,2584,2358,1084696.07,612145.88,67.93
F015,Facility_015,Hospital,Small,2025,1876,916502.16,510599.31,66.96
F010,Facility_010,Hospital,Medium,1957,1817,910383.07,495111.54,65.18
F009,Facility_009,Hospital,Small,1604,1520,796384.28,424733.72,62.93
F018,Facility_018,Specialty Center,Large,1697,1610,793665.7,448528.07,68.28
F025,Facility_025,Hospital,Small,1512,1432,659605.32,400097.74,72.47
F016,Facility_016,Hospital,Small,586,579,593530.85,316594.35,63.22
