Claim_ID,Claim_Amount
C00024670,85000.0
C00041568,53204.83
C00034786,53135.54
C00034111,49607.91
C00022962,46749.23
C00058040,40737.72
C00017118,38585.31
C00069618,34934.64
C00048497,33479.28
C00050962,33123.37
C00028996,32964.34
C00068756,32839.39
C00011729,31423.01
C00041932,31277.84
C00071381,30749.78
C00032578,29298.27
C00034757,28956.09
C00044532,28340.83
C00052803,28166.86
C00024539,28096.87
C00039647,28048.66
C00034072,27743.59
C00025606,27542.04
C00005450,27496.12
C00044661,27369.91
C00033729,27241.67
C00051201,27189.42
C00053091,26993.87
C00007051,26343.42
C00049906,26254.11
C00032294,26092.36
C00021752,25667.6
C00061880,25407.55
C00036674,25380.18
C00041016,25340.86
C00024161,24884.83
C00038908,24748.39
C00014059,24681.02
C00067247,24624.8
C00062964,24429.92
C00037000,24370.25
C00012668,24275.96
C00050428,23745.6
C00046848,23734.24
C00062454,23706.47
C00053189,23467.48
C00030016,23354.72
C00072373,23270.55
C00032019,22654.56
C00031031,22617.47
C00070675,22295.49
C00074091,22134.3
C00011315,21959.46
C00043955,21570.71
C00041938,21502.68
C00046082,21441.48
C00048840,21131.8
C00054937,21087.45
C00035409,20933.99
C00072690,20825.96
C00048059,20761.16
C00004752,20758.51
C00058175,20668.46
C00020001,20668.02
C00070396,20581.51
C00020318,20575.73
C00068610,20421.42
C00037095,20405.08
C00043735,20356.02
C00000337,20350.96
C00003548,20323.02
C00017642,20323.0
C00063933,20239.47
C00073282,20230.28
C00038991,20093.61
C00050636,20059.25
C00066509,19958.64
C00009605,19937.79
C00006810,19882.09
C00067514,19845.55
C00012648,19365.18
C00044318,19154.62
C00065748,18893.19
C00033920,18845.55
C00039356,18731.36
C00032060,18715.96
C00020898,18599.38
C00013223,18532.85
C00030815,18463.59
C00023367,18458.84
C00052021,18272.52
C00017342,18255.8
C00012342,18232.79
C00003401,18213.31
C00048420,18208.51
C00010116,18150.88
C00073771,18001.08
C00022185,17826.56
C00067502,17817.11
C00051574,17773.44
C00011577,17698.27
C00032799,17652.45
C00056234,17605.86
C00014495,17585.55
C00005546,17504.85
C00026051,17481.1
C00044594,17471.63
C00059903,17443.3
C00033519,17409.69
C00044859,17379.19
C00002106,17341.92
C00055184,17314.64
C00043071,17229.4
C00021069,17193.85
C00002011,17137.25
C00037731,16998.37
C00001002,16996.77
C00034442,16996.53
C00045148,16949.79
C00069086,16943.53
C00020302,16934.55
C00051121,16857.32
C00053300,16828.07
C00042769,16808.63
C00027397,16748.56
C00054038,16740.53
C00023766,16675.25
C00070637,16639.68
C00055905,16630.64
C00050333,16538.25
C00006013,16523.49
C00016182,16448.39
C00066975,16439.17
C00037740,16349.24
C00030495,16328.03
C00053927,16092.41
C00026068,16087.07
C00005904,16072.91
C00059692,16056.02
C00072797,15952.93
C00001362,15931.89
C00061167,15870.01
C00018677,15787.63
C00055497,15773.48
C00074345,15768.76
C00021874,15744.77
C00010843,15736.5
C00051881,15708.23
C00010168,15595.24
C00044158,15593.29
C00024804,15496.73
C00054296,15469.4
C00014672,15428.74
C00062872,15390.87
C00053325,15365.01
C00071653,15351.17
C00028408,15342.74
C00004397,15259.36
C00071141,15236.43
C00057645,15230.53
C00055360,15172.2
C00024072,15170.49
C00058424,15168.33
C00002635,15154.63
C00038296,15121.47
C00027137,15113.88
C00035653,15067.99
C00047857,15067.72
C00015834,15034.89
C00034154,14989.43
C00048615,14836.99
C00013301,14816.98
C00053155,14811.63
C00020502,14798.38
C00064854,14746.0
C00005392,14735.77
C00013520,14718.99
C00024716,14688.36
C00066208,14601.38
C00048373,14595.27
C00071405,14568.35
C00046916,14537.66
C00062870,14521.4
C00014474,14506.51
C00019114,14455.62
C00013266,14429.9
C00071342,14423.2
C00023219,14403.51
C00060056,14373.13
C00009543,14362.14
C00071631,14351.04
C00035014,14348.6
C00040384,14309.26
C00067142,14291.77
C00002636,14281.58
C00043457,14220.63
C00050112,14217.07
C00000436,14213.42
C00021716,14196.62
C00074903,14184.27
C00037360,14166.3
C00057565,14158.79
C00030892,14144.48
C00018823,14137.72
C00057782,14135.25
C00042885,14117.42
C00004646,14109.58
C00040502,14105.58
C00010040,14104.33
C00059447,14099.49
C00000591,14089.48
C00002999,14017.5
C00050973,13950.14
C00031363,13907.1
C00027314,13897.78
C00067431,13822.65
C00034418,13814.31
C00029624,13805.66
C00034497,13783.51
C00050563,13770.03
C00067372,13764.88
C00001278,13743.43
C00061345,13720.16
C00018880,13614.4
C00074059,13574.27
C00014098,13572.15
C00052610,13567.21
C00035715,13554.78
C00072726,13525.77
C00072371,13503.24
C00040319,13487.7
C00053263,13476.1
C00009318,13460.9
C00013813,13459.93
C00047265,13389.9
C00059923,13360.79
C00059773,13346.27
C00043369,13324.05
C00061380,13322.99
C00009689,13312.61
C00060569,13281.9
C00054426,13273.72
C00005552,13255.22
C00017835,13229.88
C00017835,13229.88
C00022573,13181.8
C00028112,13171.54
C00070040,13168.35
C00002854,13126.96
C00050981,13121.61
C00064803,13119.33
C00049352,13109.41
C00002163,13097.1
C00066042,13090.7
C00026812,13089.78
C00071009,13070.88
C00048460,13010.79
C00073101,12993.06
C00052521,12990.31
C00014674,12982.46
C00044990,12968.29
C00012667,12947.42
C00032785,12939.1
C00015817,12891.17
C00005467,12846.58
C00009608,12834.56
C00062386,12819.94
C00024028,12819.17
C00027701,12801.47
C00053272,12786.16
C00047948,12776.89
C00023890,12761.39
C00019743,12760.38
C00021850,12712.89
C00067345,12698.91
C00031737,12691.51
C00042073,12681.99
C00025860,12663.01
C00007932,12557.97
C00050802,12457.97
C00059407,12450.27
C00004391,12438.59
C00026618,12373.52
C00050072,12350.32
C00012029,12312.17
C00050880,12301.1
C00036203,12296.27
C00047956,12249.61
C00058651,12224.67
C00028320,12212.69
C00052732,12167.72
C00018877,12159.52
C00045787,12145.33
C00048940,12130.15
C00050988,12126.91
C00056837,12117.41
C00005013,12075.23
C00014338,12068.08
C00031898,12051.16
C00059465,12027.41
C00029078,12026.74
C00010487,12016.17
C00017661,12001.4
C00024402,11995.12
C00039185,11959.05
C00060306,11894.33
C00030024,11886.42
C00043430,11882.75
C00003074,11865.55
C00019050,11842.02
C00051758,11836.61
C00025773,11795.43
C00051002,11789.78
C00016852,11782.44
C00027254,11775.82
C00017856,11743.47
C00049777,11740.72
C00025686,11709.35
C00062931,11679.1
C00046831,11654.57
C00022636,11654.48
C00045270,11650.84
C00018896,11647.71
C00068656,11642.5
C00004357,11615.48
C00057005,11597.74
C00032002,11564.93
C00032175,11545.89
C00037574,11536.25
C00001279,11529.13
C00056859,11510.17
C00030058,11500.76
C00007153,11493.4
C00038497,11471.79
C00016102,11454.41
C00068216,11433.63
C00018631,11405.83
C00008730,11393.17
C00017223,11358.8
C00052851,11343.62
C00043199,11302.32
C00000544,11301.57
C00010711,11289.3
C00012576,11284.95
C00054278,11274.39
C00035508,11266.29
C00005873,11256.38
C00044120,11242.44
C00069715,11214.33
C00061627,11211.42
C00064514,11208.98
C00004816,11200.41
C00052338,11196.58
C00008915,11191.73
C00052689,11175.81
C00021743,11154.5
C00033038,11142.11
C00029254,11132.04
C00018083,11116.03
C00067272,11101.6
C00004904,11097.79
C00041342,11094.97
C00006527,11091.88
C00069816,11073.49
C00031659,11065.07
C00006199,11052.27
C00054290,11044.06
C00062110,11038.69
C00033302,11033.44
C00051440,11014.75
C00071738,11013.43
C00062028,11011.09
C00025259,11005.16
C00021372,11005.13
C00038982,10974.17
C00033617,10966.49
C00062065,10965.25
C00056073,10950.38
C00005399,10946.31
C00026740,10925.88
C00028734,10919.16
C00015505,10914.74
C00064972,10912.33
C00073917,10908.11
C00014599,10899.27
C00040799,10886.51
C00001812,10883.09
C00027464,10882.58
C00010837,10881.53
C00034715,10870.99
C00038948,10849.93
C00030960,10823.79
C00028211,10777.01
C00046496,10776.31
C00046457,10775.03
C00002727,10772.43
C00054327,10762.39
C00036534,10760.94
C00043684,10752.23
C00057243,10734.05
C00032868,10712.57
C00064887,10697.99
C00052060,10681.59
C00042261,10674.78
C00011364,10673.22
C00038507,10652.67
C00042438,10651.35
C00062259,10641.66
C00025268,10634.11
C00053482,10634.04
C00023872,10623.73
C00054163,10599.65
C00066457,10574.04
C00074237,10562.05
C00044587,10558.16
C00065090,10553.59
C00055227,10540.46
C00040015,10534.74
C00030770,10524.81
C00042334,10524.27
C00024106,10523.89
C00043155,10519.9
C00029153,10506.18
C00042057,10497.73
C00059218,10490.94
C00033099,10483.49
C00006731,10482.62
C00000828,10460.76
C00034053,10446.65
C00057300,10430.91
C00032667,10422.43
C00012628,10419.85
C00053504,10412.53
C00069561,10410.13
C00016361,10398.07
C00026701,10391.2
C00047817,10387.71
C00006166,10351.32
C00069951,10350.72
C00017631,10350.26
C00055534,10344.37
C00044453,10338.39
C00000354,10329.89
C00071167,10315.74
C00059917,10315.09
C00021390,10312.32
C00018566,10306.64
C00046647,10268.17
C00039811,10237.37
C00029313,10234.16
C00044458,10222.47
C00063743,10219.97
C00026620,10204.08
C00026601,10204.07
C00062758,10175.63
C00048287,10142.34
C00069165,10141.72
C00005222,10134.31
C00072134,10113.62
C00062331,10097.55
C00070490,10095.67
C00036672,10085.0
C00051951,10060.8
C00026515,10040.58
C00044135,10038.25
C00029309,10029.52
C00052138,10028.36
C00025704,10027.47
C00043885,10015.68
C00045178,9992.94
C00048488,9987.42
C00072714,9985.89
C00052355,9983.8
C00060023,9963.23
C00020270,9953.0
C00033012,9930.21
C00009859,9923.44
C00035038,9913.37
C00038895,9911.82
C00032750,9907.58
C00060416,9886.12
C00002813,9881.02
C00055178,9865.33
C00028612,9808.79
C00042754,9808.21
C00043290,9788.31
C00037409,9783.64
C00001743,9768.89
C00000134,9751.69
C00005531,9736.15
C00001152,9719.36
C00043756,9713.91
C00013135,9707.7
C00060622,9689.33
C00032336,9661.9
C00056535,9658.64
C00031405,9657.8
C00048917,9645.59
C00025191,9618.26
C00006919,9609.09
C00048005,9592.35
C00064416,9591.22
C00059576,9575.57
C00059895,9564.4
C00065534,9564.05
C00020638,9561.97
C00051807,9541.27
C00016028,9539.9
C00016818,9530.48
C00064418,9522.72
C00035058,9506.77
C00047816,9486.05
C00053479,9485.66
C00069455,9484.61
C00023330,9470.43
C00056314,9466.51
C00067987,9432.11
C00027608,9429.89
C00041199,9396.02
C00008414,9378.81
C00023663,9373.33
C00071469,9366.52
C00002989,9347.1
C00052698,9342.92
C00046614,9342.75
C00042558,9342.06
C00064699,9340.52
C00019891,9329.19
C00017140,9298.05
C00008143,9292.25
C00057080,9282.2
C00056729,9272.21
C00074214,9272.2
C00053116,9263.0
C00023586,9261.27
C00026019,9249.27
C00006170,9235.43
C00023940,9221.65
C00010986,9209.62
C00019980,9199.14
C00055409,9187.92
C00036638,9176.18
C00044132,9169.13
C00036646,9151.66
C00021022,9151.59
C00006214,9145.57
C00045975,9134.08
C00032731,9107.53
C00071272,9084.88
C00023885,9078.99
C00064636,9076.73
C00071809,9071.61
C00042959,9054.5
C00060342,9025.51
C00024705,9019.98
C00047984,9019.05
C00046274,9015.25
C00072739,8999.95
C00039392,8999.47
C00072525,8998.62
C00003214,8998.57
C00014950,8996.58
C00026828,8986.84
C00045499,8975.54
C00005563,8933.5
C00030120,8923.98
C00023499,8916.52
C00058584,8910.39
C00013816,8903.02
C00000261,8894.64
C00008251,8889.1
C00059319,8887.2
C00005023,8885.17
C00006077,8882.95
C00040428,8880.46
C00025181,8863.93
C00074086,8827.37
C00019086,8818.87
C00019349,8812.97
C00064309,8810.75
C00071274,8799.58
C00049106,8765.14
C00039055,8752.71
C00032893,8734.64
C00022474,8718.1
C00028742,8716.26
C00074735,8709.02
C00011563,8696.99
C00049373,8694.91
C00021863,8681.23
C00070011,8677.48
C00027770,8667.62
C00001767,8656.0
C00028048,8647.42
C00017528,8632.45
C00005747,8619.58
C00061479,8604.97
C00049203,8604.94
C00053678,8587.93
C00048909,8579.77
C00054510,8575.15
C00052998,8573.25
C00066351,8572.64
C00029827,8567.3
C00015753,8549.58
C00051553,8545.32
C00043414,8526.96
C00052285,8518.97
C00074392,8518.14
C00041375,8498.24
C00073337,8475.57
C00023829,8468.4
C00045515,8453.89
C00055823,8452.83
C00027396,8426.68
C00062468,8425.51
C00015052,8407.61
C00007430,8388.19
C00000266,8383.36
C00061677,8381.78
C00032421,8381.76
C00006710,8380.67
C00072310,8377.28
C00071399,8371.11
C00022018,8365.54
C00030089,8356.88
C00020055,8344.01
C00047723,8342.21
C00043465,8334.98
C00066965,8331.45
C00055427,8328.27
C00034755,8320.9
C00074331,8316.11
C00045167,8307.35
C00055364,8302.56
C00056277,8301.09
C00014241,8294.72
C00029763,8293.16
C00070762,8291.38
C00065136,8278.44
C00028598,8267.43
C00020114,8265.18
C00004589,8263.44
C00023868,8258.25
C00016591,8251.42
C00005212,8242.18
C00012524,8238.25
C00073272,8233.15
C00044546,8230.2
C00024047,8230.15
C00024070,8226.13
C00070628,8221.69
C00037029,8206.45
C00065510,8206.13
C00065630,8194.64
C00027624,8190.24
C00011278,8185.78
C00064532,8180.3
C00015877,8178.73
C00065503,8176.97
C00009002,8171.95
C00036515,8165.17
C00061048,8164.29
C00029003,8161.62
C00053688,8143.31
C00071545,8133.48
C00056417,8133.22
C00034132,8126.79
C00054115,8107.13
C00007879,8093.14
C00068850,8085.41
C00023142,8066.08
C00057519,8065.78
C00073056,8049.31
C00055349,8046.19
C00026013,8045.97
C00032749,8044.77
C00032669,8040.88
C00067234,8034.48
C00059737,8028.32
C00068707,8013.36
C00035970,8013.03
C00011896,8010.06
C00012096,7995.74
C00070986,7986.79
C00070402,7983.65
C00006855,7973.91
C00020536,7968.02
C00063185,7964.22
C00038196,7963.87
C00066380,7952.4
C00044480,7946.45
C00024604,7945.01
C00021533,7939.01
C00066825,7935.09
C00035876,7933.37
C00002821,7932.3
C00045558,7928.78
C00051428,7928.13
C00065684,7922.46
C00052048,7914.17
C00073384,7906.84
C00062272,7898.03
C00033646,7894.9
C00060360,7888.85
C00006314,7887.99
C00027492,7872.29
C00050367,7872.19
C00004625,7868.66
C00025404,7867.64
C00027189,7861.66
C00043942,7844.46
C00033274,7843.68
C00070309,7839.87
C00070447,7837.98
C00026199,7837.61
C00041264,7836.19
C00056632,7830.82
C00023739,7828.34
C00043834,7822.19
C00035506,7810.48
C00033929,7807.32
C00068867,7803.71
C00034732,7799.08
C00073564,7791.24
C00060343,7789.1
C00055539,7785.66
C00032553,7783.4
C00011785,7776.24
C00021772,7770.87
C00065635,7766.82
C00018315,7750.24
C00024469,7743.25
C00033837,7739.08
C00053441,7733.34
C00068026,7732.42
C00036859,7728.1
C00048844,7723.56
C00015576,7723.33
C00018518,7718.4
C00060881,7711.29
C00005333,7711.01
C00021165,7704.75
C00008045,7692.01
C00037323,7682.05
C00055412,7681.52
C00039076,7680.88
C00050091,7679.74
C00050423,7679.72
C00007965,7671.21
C00070076,7665.76
C00011046,7660.09
