Claim_ID,row_count,first_service_date,last_service_date
C00002053,2,2024-09-09,2024-09-09
C00002096,2,2025-01-19,2025-01-19
C00006068,2,2026-06-29,2026-06-29
C00006756,2,2024-02-05,2024-02-05
C00008841,2,2024-05-08,2024-05-08
C00013137,2,2025-06-17,2025-06-17
C00017835,2,2024-01-15,2024-01-15
C00022832,2,2024-12-11,2024-12-11
C00024089,2,2025-11-07,2025-11-07
C00026223,2,2024-06-03,2024-06-03
C00026412,2,2026-09-09,2026-09-09
C00034492,2,2025-02-16,2025-02-16
C00041505,2,2025-06-30,2025-06-30
C00042159,2,2024-12-20,2024-12-20
C00042228,2,2024-09-15,2024-09-15
C00043610,2,2024-10-07,2024-10-07
C00044335,2,2025-09-17,2025-09-17
C00046015,2,2025-06-27,2025-06-27
C00049686,2,2026-07-16,2026-07-16
C00049870,2,2025-08-25,2025-08-25
C00059273,2,2025-08-29,2025-08-29
C00067951,2,2026-06-29,2026-06-29
C00069587,2,2025-03-04,2025-03-04
C00073679,2,2025-05-24,2025-05-24
C00073883,2,2026-08-10,2026-08-10
