Patient_ID,Provider_ID,Primary_Procedure_Code,Service_Date,rows_for_same_key
P000089,DR0071,PR006,2024-09-15,2
P000129,DR0338,PR003,2025-08-29,2
P001234,DR0016,PR020,2025-01-19,2
P001460,DR0404,PR015,2024-01-15,2
P001852,DR0189,PR011,2025-03-04,2
P002700,DR0402,PR014,2025-02-16,2
P003302,DR0242,PR015,2024-05-08,2
P003900,DR0111,PR025,2025-09-17,2
P006316,DR0209,PR025,2025-05-24,2
P008852,DR0228,PR011,2024-10-07,2
P009125,DR0416,PR020,2026-06-29,2
P009651,DR0116,PR002,2026-06-29,2
P010148,DR0016,PR020,2026-09-09,2
P010396,DR0300,PR011,2025-06-27,2
P010953,DR0337,PR020,2024-12-20,2
P011989,DR0325,PR024,2024-06-03,2
P012597,DR0423,PR003,2025-11-07,2
P013397,DR0243,PR003,2024-09-09,2
P015502,DR0356,PR011,2025-08-25,2
P016532,DR0142,PR008,2024-12-11,2
P016591,DR0348,PR003,2025-06-30,2
P016789,DR0386,PR003,2026-07-16,2
P019630,DR0318,PR004,2024-02-05,2
P019694,DR0070,PR002,2025-06-17,2
P019918,DR0147,PR003,2026-08-10,2
