month,avg_lag_days,max_lag_days,over_30_days
2024-01,15.32,30.0,0
2024-02,15.33,30.0,0
2024-03,14.95,30.0,0
2024-04,14.91,30.0,0
2024-05,14.97,30.0,0
2024-06,15.16,30.0,0
2024-07,15.01,30.0,0
2024-08,15.43,30.0,0
2024-09,14.96,30.0,0
2024-10,14.67,30.0,0
2024-11,14.76,30.0,0
2024-12,15.03,30.0,0
2025-01,14.82,30.0,0
2025-02,15.3,30.0,0
2025-03,15.09,30.0,0
2025-04,14.92,30.0,0
2025-05,14.95,30.0,0
2025-06,14.48,30.0,0
2025-07,14.88,30.0,0
2025-08,14.92,30.0,0
2025-09,14.67,30.0,0
2025-10,14.74,30.0,0
2025-11,14.92,30.0,0
2025-12,14.41,30.0,0
2026-01,15.18,30.0,0
2026-02,14.94,30.0,0
2026-03,14.68,30.0,0
2026-04,14.92,30.0,0
2026-05,14.85,30.0,0
2026-06,14.92,30.0,0
2026-07,14.63,30.0,0
2026-08,15.36,30.0,0
2026-09,15.29,30.0,0
2026-10,-643.0,-643.0,0
2027-01,-679.0,-679.0,0
2027-03,-627.0,-625.0,0
2027-04,-545.5,-427.0,0
2027-05,-613.0,-613.0,0
2027-06,-437.0,-437.0,0
2027-07,-641.0,-621.0,0
2027-11,-558.0,-541.0,0
2027-12,-579.0,-564.0,0
2028-06,-694.0,-694.0,0
