Patient_ID,Age,Payer,claims,total_billed,total_paid,distinct_providers
P010093,81,Commercial,27,14806.35,9474.51,27
P012878,78,Medicaid,26,9644.96,6028.68,26
P008507,78,Self-Pay,25,13528.28,7800.18,25
P012024,74,Self-Pay,25,12541.12,7955.76,24
P005834,94,Medicare Advantage,24,33363.8,9587.46,23
P011645,80,Workers Comp,24,24672.42,9084.81,20
P000432,70,Medicare,24,4937.28,2627.6,23
P006099,67,Commercial,23,10681.93,4598.13,21
P008750,96,Medicaid,22,24149.5,14910.24,22
P000358,77,Commercial,22,15729.59,11025.87,21
P002667,71,Medicare,22,7300.95,4702.5,21
P002739,68,Medicaid,21,46791.65,34808.41,21
P001998,93,Medicare Advantage,21,43683.7,33656.64,20
P018157,77,Commercial,21,15682.56,8257.1,21
P015495,95,Medicare,21,13510.26,6459.16,20
P011049,88,Medicare Advantage,21,13297.68,9499.1,18
P012322,65,Self-Pay,20,20738.29,13513.16,18
P012028,75,Commercial,20,15560.1,10697.25,20
P000375,90,Medicare,20,14929.48,8416.22,20
P005064,87,Medicare Advantage,20,13917.92,4137.87,20
P009139,74,Other,20,7645.23,4029.71,20
P005063,70,Medicare,20,6854.05,4174.13,17
P007623,69,Medicare Advantage,20,5404.06,3218.59,19
P002711,78,Medicare,19,27925.97,17700.39,18
P002344,66,Medicare,19,24683.27,10831.86,17
P014896,65,Commercial,19,20291.12,12312.58,18
P009912,73,Medicare Advantage,19,10334.87,7373.02,18
P012366,77,Self-Pay,19,10304.93,7426.29,16
P002290,86,Medicaid,19,9858.8,4316.31,19
P014833,89,Medicare,19,9288.95,5354.35,18
P014873,76,Commercial,19,8311.37,5211.7,18
P012928,92,Commercial,19,6298.85,3751.08,16
P008425,79,Self-Pay,19,6225.11,3504.08,19
P007347,65,Medicare,19,5812.27,3899.8,19
P012581,81,Medicaid,19,5658.19,3634.45,19
P010944,85,Medicare,19,5408.17,3155.92,18
P015247,66,Self-Pay,19,5084.77,3473.08,17
P010362,81,Medicare,18,21223.63,8512.0,17
P011352,73,Medicare,18,20164.15,13709.5,18
P017387,72,Medicare,18,15274.91,8080.87,18
P001001,94,Medicaid,18,14031.43,8188.35,17
P007378,69,Medicare Advantage,18,11603.1,6896.09,18
P007161,66,Medicaid,18,10633.12,5605.84,17
P011922,77,Commercial,18,10410.36,4696.53,18
P015707,83,Medicare Advantage,18,10266.35,6754.44,17
P014832,83,Medicaid,18,10193.92,6922.78,17
P003163,74,Medicare,18,9495.37,5678.71,17
P004664,74,Medicaid,18,8504.76,3925.42,18
P001984,66,Medicaid,18,8081.08,2458.93,18
P010180,65,Medicare,18,7412.33,4987.64,17
P002289,65,Medicare,18,6728.42,3890.48,17
P013674,25,Medicare,18,6719.13,3831.77,17
P006856,68,Medicare Advantage,18,6218.61,3018.13,18
P011014,71,Commercial,18,4840.85,2347.46,18
P015621,69,Medicare,18,4562.24,2993.44,17
P019931,74,Self-Pay,18,4302.27,2058.45,18
P001234,88,Medicaid,17,16830.87,8497.22,16
P001213,78,Medicare,17,14653.48,8176.9,16
P007138,80,Medicare,17,13714.52,9907.72,17
P004607,82,Medicaid,17,12909.62,9081.46,17
P004347,76,Medicare,17,12144.88,6905.83,16
P006000,89,Medicare,17,11791.99,8148.73,17
P019674,73,Medicare Advantage,17,11257.35,7335.44,16
P007876,76,Medicare,17,11138.91,5544.15,16
P005822,43,Commercial,17,11104.24,6984.14,17
P005650,71,Other,17,10339.39,7037.89,17
P000986,73,Commercial,17,9924.74,6827.16,17
P008780,80,Self-Pay,17,9534.01,7032.4,17
P000592,79,Medicaid,17,8844.52,4492.0,16
P012691,89,Medicare Advantage,17,7515.93,4842.13,17
P001777,73,Medicare,17,7325.19,4176.34,16
P018237,77,Commercial,17,7057.33,4141.73,15
P015776,67,Medicare,17,6448.3,4531.29,16
P018634,78,Commercial,17,6365.73,4525.01,17
P003084,66,Medicaid,17,5912.38,4377.97,16
P003599,65,Commercial,17,5781.05,4014.06,16
P019827,65,Medicaid,17,5607.6,3777.38,16
P020000,83,Other,17,5520.68,2511.67,14
P014125,81,Medicaid,17,5149.73,2297.44,16
P009605,76,Commercial,17,4532.42,3049.72,17
P018817,75,Other,16,29329.3,17815.5,16
P010645,71,Medicare,16,22513.29,4150.84,15
P000228,92,Medicaid,16,22297.28,15343.51,14
P012703,88,Medicare,16,18498.43,13319.2,16
P017702,67,Medicaid,16,13293.8,7635.71,16
P004303,73,Medicare Advantage,16,10847.91,5419.15,16
P007257,65,Medicaid,16,10184.97,4677.57,16
P005836,75,Medicare,16,9904.9,4635.84,15
P003850,65,Medicaid,16,9801.16,6217.49,16
P007658,25,Self-Pay,16,9696.72,4728.91,16
P008291,68,Medicare,16,9463.21,6013.54,15
P004715,76,Medicare,16,9414.13,6114.38,15
P007379,77,Self-Pay,16,9157.61,6488.17,16
P013198,65,Commercial,16,9048.03,6484.22,16
P018665,74,Commercial,16,8971.86,2618.09,16
P019550,81,Commercial,16,8349.7,4038.96,14
P014079,78,Medicare Advantage,16,7938.11,5061.36,14
P019380,77,Medicare,16,7935.73,2239.53,14
P009423,82,Medicare,16,7870.25,4029.45,15
P014995,73,Medicare,16,7586.06,4379.93,16
