Claim_ID,header_charge,line_charge,reconciliation_difference
C00017118,38585.31,47549.79,-8964.48
C00039647,28048.66,35024.07,-6975.41
C00028996,32964.34,37872.71,-4908.37
C00057243,10734.05,14692.89,-3958.84
C00002999,14017.5,17737.25,-3719.75
C00062240,7479.88,11068.25,-3588.37
C00064418,9522.72,12864.5,-3341.78
C00033302,11033.44,14170.65,-3137.21
C00031531,5988.62,9071.94,-3083.32
C00066208,14601.38,17567.39,-2966.01
C00033274,7843.68,10292.61,-2448.93
C00055534,10344.37,12756.81,-2412.44
C00023367,18458.84,20793.89,-2335.05
C00043155,10519.9,12640.7,-2120.8
C00009581,4641.8,6753.28,-2111.48
C00030283,4537.66,6645.22,-2107.56
C00015077,5495.28,7539.71,-2044.43
C00067431,13822.65,15866.86,-2044.21
C00052338,11196.58,13091.91,-1895.33
C00026678,3921.84,5693.12,-1771.28
C00004625,7868.66,9585.27,-1716.61
C00055012,6836.37,8539.8,-1703.43
C00071249,5488.03,7161.33,-1673.3
C00025686,11709.35,13370.19,-1660.84
C00062812,2863.75,4506.82,-1643.07
C00021878,2728.68,4367.97,-1639.29
C00073168,6747.81,8387.0,-1639.19
C00053688,8143.31,9756.81,-1613.5
C00031659,11065.07,12658.35,-1593.28
C00042001,4842.58,6422.22,-1579.64
C00074086,8827.37,10370.58,-1543.21
C00058175,20668.46,22206.96,-1538.5
C00015834,15034.89,16543.02,-1508.13
C00019513,2500.75,3999.06,-1498.31
C00017308,6374.76,7828.44,-1453.68
C00034732,7799.08,9249.15,-1450.07
C00069559,4198.28,5558.16,-1359.88
C00035270,2477.69,3821.23,-1343.54
C00009831,6554.08,7892.44,-1338.36
C00032987,4268.18,5603.1,-1334.92
C00049111,6779.62,8109.73,-1330.11
C00057565,14158.79,15392.13,-1233.34
C00027594,3744.6,4973.42,-1228.82
C00055219,3259.78,4439.17,-1179.39
C00033646,7894.9,9070.92,-1176.02
C00022539,5163.26,6336.88,-1173.62
C00066468,5764.48,6933.59,-1169.11
C00006209,3160.05,4326.56,-1166.51
C00010487,12016.17,13134.6,-1118.43
C00049476,2932.77,4050.98,-1118.21
C00050834,2696.04,3805.13,-1109.09
C00021908,4470.56,5569.28,-1098.72
C00018366,7315.1,8402.22,-1087.12
C00030918,6622.87,7702.26,-1079.39
C00029078,12026.74,13104.17,-1077.43
C00014857,1939.76,2989.94,-1050.18
C00029873,5766.98,6754.82,-987.84
C00070259,2676.05,3640.21,-964.16
C00037360,14166.3,15122.17,-955.87
C00037784,5324.99,6261.14,-936.15
C00050697,3896.49,4812.21,-915.72
C00015396,1519.77,2414.95,-895.18
C00015883,2838.82,3729.45,-890.63
C00069086,16943.53,17809.82,-866.29
C00045022,1382.11,2240.41,-858.3
C00017344,3260.86,4101.76,-840.9
C00066492,4148.86,4978.07,-829.21
C00045819,2748.18,3562.02,-813.84
C00010882,2509.46,3319.82,-810.36
C00004829,3289.85,4096.5,-806.65
C00046425,5025.81,5826.32,-800.51
C00015969,4913.37,5712.07,-798.7
C00049479,4314.86,5100.11,-785.25
C00007711,5579.55,6359.57,-780.02
C00032376,1791.46,2549.18,-757.72
C00012701,2368.17,3116.48,-748.31
C00022581,1812.93,2544.41,-731.48
C00005327,2009.26,2738.0,-728.74
C00030669,2829.69,3557.9,-728.21
C00016917,2412.68,3133.24,-720.56
C00020431,1330.97,2050.67,-719.7
C00057194,1542.34,2249.26,-706.92
C00036598,2989.93,3685.96,-696.03
C00072223,2584.88,3279.0,-694.12
C00062222,7345.77,8032.39,-686.62
C00061563,5729.29,6389.27,-659.98
C00051131,7409.95,8064.55,-654.6
C00026633,1191.3,1840.26,-648.96
C00071361,1633.33,2271.74,-638.41
C00014221,2248.92,2886.42,-637.5
C00011425,1960.86,2582.84,-621.98
C00065713,1584.87,2200.0,-615.13
C00051070,4859.92,5468.12,-608.2
C00030965,1688.64,2295.44,-606.8
C00073323,2589.58,3194.93,-605.35
C00058627,3719.31,4323.02,-603.71
C00063698,5177.45,5779.17,-601.72
C00074107,2936.91,3530.22,-593.31
C00019562,1938.37,2529.8,-591.43
C00017676,2596.92,3185.51,-588.59
