Provider_ID,Specialty,claims,provider_avg_claim,specialty_avg_claim,avg_claim_vs_peer_ratio
DR0166,Cardiology,125,789.59,457.4,1.73
DR0214,Pediatrics,139,373.28,238.64,1.56
DR0109,Neurology,118,744.49,497.49,1.5
DR0412,Pediatrics,136,358.18,238.64,1.5
DR0261,Internal Medicine,174,358.42,241.04,1.49
DR0104,Internal Medicine,177,349.85,241.04,1.45
DR0077,Internal Medicine,126,336.13,241.04,1.39
DR0258,Family Medicine,102,329.48,236.96,1.39
DR0123,Family Medicine,106,325.89,236.96,1.38
DR0241,Orthopedics,162,1743.01,1280.15,1.36
DR0084,Family Medicine,292,318.3,236.96,1.34
DR0133,Cardiology,135,596.56,457.4,1.3
DR0089,Pediatrics,335,304.07,238.64,1.27
DR0125,Neurology,123,631.49,497.49,1.27
DR0343,Oncology,103,911.14,714.92,1.27
DR0173,Family Medicine,435,298.15,236.96,1.26
DR0147,Internal Medicine,153,298.05,241.04,1.24
DR0152,Other,149,1051.09,865.06,1.22
DR0285,Internal Medicine,122,294.63,241.04,1.22
DR0413,Family Medicine,133,286.88,236.96,1.21
DR0354,Family Medicine,291,285.22,236.96,1.2
DR0040,Other,105,1028.45,865.06,1.19
DR0052,General Surgery,340,2972.48,2507.42,1.19
DR0251,Internal Medicine,288,286.97,241.04,1.19
DR0294,Orthopedics,134,1525.34,1280.15,1.19
DR0428,Internal Medicine,351,287.82,241.04,1.19
DR0047,Oncology,111,844.85,714.92,1.18
DR0110,Internal Medicine,115,285.26,241.04,1.18
DR0145,Emergency Medicine,150,501.62,423.4,1.18
DR0232,Family Medicine,126,278.9,236.96,1.18
DR0352,Orthopedics,238,1466.81,1280.15,1.15
DR0389,Emergency Medicine,104,487.15,423.4,1.15
DR0029,Obstetrics & Gynecology,136,965.64,847.22,1.14
DR0136,Internal Medicine,119,274.66,241.04,1.14
DR0162,Pediatrics,309,271.59,238.64,1.14
DR0218,General Surgery,134,2866.05,2507.42,1.14
DR0026,Family Medicine,193,266.7,236.96,1.13
DR0163,Orthopedics,264,1446.78,1280.15,1.13
DR0184,Other,141,975.78,865.06,1.13
DR0187,Other,231,981.4,865.06,1.13
DR0249,Family Medicine,145,268.27,236.96,1.13
DR0314,Orthopedics,101,1448.93,1280.15,1.13
DR0013,Oncology,248,800.69,714.92,1.12
DR0209,Emergency Medicine,646,475.01,423.4,1.12
DR0025,Emergency Medicine,206,469.44,423.4,1.11
DR0175,Internal Medicine,200,266.52,241.04,1.11
DR0265,Cardiology,498,506.6,457.4,1.11
DR0290,Radiology,140,667.7,602.86,1.11
DR0344,Internal Medicine,181,267.15,241.04,1.11
DR0381,Other,218,956.56,865.06,1.11
DR0085,Obstetrics & Gynecology,229,932.61,847.22,1.1
DR0107,Cardiology,256,501.19,457.4,1.1
DR0197,Pediatrics,185,262.77,238.64,1.1
DR0226,Family Medicine,467,261.31,236.96,1.1
DR0224,Emergency Medicine,253,459.91,423.4,1.09
DR0153,Orthopedics,178,1384.77,1280.15,1.08
DR0335,Emergency Medicine,127,457.27,423.4,1.08
DR0409,Emergency Medicine,217,455.72,423.4,1.08
DR0066,Internal Medicine,215,258.64,241.04,1.07
DR0118,Internal Medicine,104,258.35,241.04,1.07
DR0245,Other,312,926.03,865.06,1.07
DR0271,Emergency Medicine,208,451.29,423.4,1.07
DR0342,Other,235,922.73,865.06,1.07
DR0363,Internal Medicine,379,257.3,241.04,1.07
DR0372,Emergency Medicine,695,453.04,423.4,1.07
DR0437,Other,292,924.09,865.06,1.07
DR0031,Oncology,486,754.33,714.92,1.06
DR0081,Internal Medicine,761,256.41,241.04,1.06
DR0311,Orthopedics,331,1357.3,1280.15,1.06
DR0022,Family Medicine,125,248.43,236.96,1.05
DR0045,Family Medicine,119,249.92,236.96,1.05
DR0059,Emergency Medicine,138,443.24,423.4,1.05
DR0111,Emergency Medicine,180,446.59,423.4,1.05
DR0126,Emergency Medicine,246,443.33,423.4,1.05
DR0160,Family Medicine,326,249.25,236.96,1.05
DR0318,Orthopedics,424,1349.51,1280.15,1.05
DR0003,Emergency Medicine,406,441.44,423.4,1.04
DR0057,Emergency Medicine,177,440.39,423.4,1.04
DR0102,Oncology,242,741.32,714.92,1.04
DR0103,Neurology,385,519.72,497.49,1.04
DR0231,Internal Medicine,104,250.26,241.04,1.04
DR0407,Internal Medicine,291,250.11,241.04,1.04
DR0433,Other,171,901.52,865.06,1.04
DR0450,Cardiology,130,476.04,457.4,1.04
DR0048,Family Medicine,218,244.83,236.96,1.03
DR0112,Internal Medicine,740,248.1,241.04,1.03
DR0135,Other,143,889.43,865.06,1.03
DR0140,Cardiology,164,468.86,457.4,1.03
DR0143,Internal Medicine,115,248.08,241.04,1.03
DR0144,Cardiology,232,471.34,457.4,1.03
DR0177,Emergency Medicine,247,437.63,423.4,1.03
DR0244,Emergency Medicine,257,437.43,423.4,1.03
DR0281,Obstetrics & Gynecology,305,871.94,847.22,1.03
DR0305,Emergency Medicine,176,437.09,423.4,1.03
DR0404,Orthopedics,626,1323.86,1280.15,1.03
DR0019,Internal Medicine,183,245.05,241.04,1.02
DR0038,Family Medicine,239,241.19,236.96,1.02
DR0185,Emergency Medicine,141,433.2,423.4,1.02
DR0186,Obstetrics & Gynecology,437,862.27,847.22,1.02
DR0267,Oncology,200,727.48,714.92,1.02
DR0430,Radiology,149,611.95,602.86,1.02
DR0114,Radiology,140,610.74,602.86,1.01
DR0128,Emergency Medicine,136,429.43,423.4,1.01
DR0325,Other,308,876.05,865.06,1.01
DR0339,Internal Medicine,154,243.54,241.04,1.01
DR0356,Obstetrics & Gynecology,269,856.69,847.22,1.01
DR0380,Family Medicine,261,239.9,236.96,1.01
DR0386,Family Medicine,1921,238.96,236.96,1.01
DR0410,Cardiology,231,463.69,457.4,1.01
DR0427,Internal Medicine,135,243.92,241.04,1.01
DR0439,Emergency Medicine,132,429.47,423.4,1.01
DR0079,Internal Medicine,237,240.82,241.04,1.0
DR0090,General Surgery,270,2497.5,2507.42,1.0
DR0113,Obstetrics & Gynecology,104,849.1,847.22,1.0
DR0196,Orthopedics,152,1274.33,1280.15,1.0
DR0206,Radiology,500,602.73,602.86,1.0
DR0262,Emergency Medicine,122,422.91,423.4,1.0
DR0300,Cardiology,238,458.95,457.4,1.0
DR0361,Neurology,142,498.83,497.49,1.0
DR0368,Oncology,126,714.01,714.92,1.0
DR0061,Family Medicine,103,235.58,236.96,0.99
DR0078,Other,188,854.22,865.06,0.99
DR0086,Radiology,139,594.6,602.86,0.99
DR0093,Internal Medicine,396,238.21,241.04,0.99
DR0221,General Surgery,167,2491.98,2507.42,0.99
DR0227,Emergency Medicine,157,417.99,423.4,0.99
DR0242,General Surgery,823,2473.21,2507.42,0.99
DR0269,Other,289,853.78,865.06,0.99
DR0286,Internal Medicine,178,238.43,241.04,0.99
DR0312,Oncology,224,708.68,714.92,0.99
DR0367,Family Medicine,128,233.42,236.96,0.99
DR0393,Emergency Medicine,248,421.03,423.4,0.99
DR0032,Neurology,143,489.29,497.49,0.98
DR0035,Other,1552,852.05,865.06,0.98
DR0137,Emergency Medicine,195,414.42,423.4,0.98
DR0191,Family Medicine,250,232.73,236.96,0.98
DR0199,Family Medicine,314,232.83,236.96,0.98
DR0217,Pediatrics,103,233.97,238.64,0.98
DR0282,Family Medicine,672,232.26,236.96,0.98
DR0345,Internal Medicine,114,235.46,241.04,0.98
DR0397,Pediatrics,501,233.86,238.64,0.98
DR0156,Internal Medicine,186,233.94,241.04,0.97
DR0176,Other,207,836.98,865.06,0.97
DR0257,Other,164,839.07,865.06,0.97
DR0283,Other,406,838.81,865.06,0.97
DR0301,Cardiology,341,443.15,457.4,0.97
DR0337,Family Medicine,425,229.81,236.96,0.97
DR0416,Orthopedics,444,1242.22,1280.15,0.97
DR0440,Oncology,109,690.3,714.92,0.97
DR0443,Family Medicine,433,229.07,236.96,0.97
DR0062,Internal Medicine,508,231.08,241.04,0.96
DR0189,Oncology,344,685.69,714.92,0.96
DR0247,Emergency Medicine,102,405.5,423.4,0.96
DR0299,Other,246,830.65,865.06,0.96
DR0360,Cardiology,189,438.19,457.4,0.96
DR0401,Emergency Medicine,144,407.16,423.4,0.96
DR0151,Emergency Medicine,121,404.32,423.4,0.95
DR0183,Other,350,822.21,865.06,0.95
DR0188,Orthopedics,110,1210.73,1280.15,0.95
DR0264,Internal Medicine,189,228.19,241.04,0.95
DR0376,Orthopedics,177,1218.74,1280.15,0.95
DR0382,Pediatrics,404,225.69,238.64,0.95
DR0415,Radiology,127,573.88,602.86,0.95
DR0438,Emergency Medicine,292,400.58,423.4,0.95
DR0446,Family Medicine,165,224.53,236.96,0.95
DR0158,Family Medicine,191,222.69,236.96,0.94
DR0194,Oncology,138,673.08,714.92,0.94
DR0220,Radiology,187,568.65,602.86,0.94
DR0263,Orthopedics,475,1206.25,1280.15,0.94
DR0332,Cardiology,506,427.71,457.4,0.94
DR0338,Neurology,250,465.76,497.49,0.94
DR0357,Radiology,193,566.35,602.86,0.94
DR0009,Obstetrics & Gynecology,236,787.76,847.22,0.93
DR0065,Emergency Medicine,129,393.37,423.4,0.93
DR0108,Pediatrics,156,221.41,238.64,0.93
DR0131,Neurology,573,461.57,497.49,0.93
DR0141,Other,110,803.48,865.06,0.93
DR0170,Internal Medicine,250,224.13,241.04,0.93
DR0229,Emergency Medicine,374,392.06,423.4,0.93
DR0235,Family Medicine,292,219.3,236.96,0.93
DR0240,Pediatrics,899,222.1,238.64,0.93
DR0431,Internal Medicine,355,223.65,241.04,0.93
DR0070,Emergency Medicine,275,391.16,423.4,0.92
DR0082,Oncology,291,658.25,714.92,0.92
DR0088,Family Medicine,244,218.83,236.96,0.92
DR0161,Family Medicine,248,219.17,236.96,0.92
DR0288,Cardiology,365,420.3,457.4,0.92
DR0291,Other,226,793.57,865.06,0.92
DR0434,Family Medicine,129,219.08,236.96,0.92
DR0006,Orthopedics,335,1158.6,1280.15,0.91
DR0014,Other,190,787.07,865.06,0.91
DR0021,Emergency Medicine,261,383.29,423.4,0.91
DR0027,Other,288,785.38,865.06,0.91
DR0034,Radiology,197,545.65,602.86,0.91
DR0060,Pediatrics,144,216.19,238.64,0.91
DR0115,Emergency Medicine,203,387.12,423.4,0.91
DR0216,Radiology,225,549.65,602.86,0.91
DR0278,Emergency Medicine,115,386.19,423.4,0.91
DR0425,Family Medicine,158,215.31,236.96,0.91
DR0076,Pediatrics,444,214.71,238.64,0.9
DR0083,Internal Medicine,242,217.73,241.04,0.9
DR0159,Cardiology,221,412.7,457.4,0.9
DR0198,Pediatrics,115,215.72,238.64,0.9
DR0200,Other,108,777.17,865.06,0.9
DR0228,Internal Medicine,199,218.02,241.04,0.9
DR0395,Pediatrics,141,215.6,238.64,0.9
DR0405,Family Medicine,185,212.85,236.96,0.9
DR0355,Internal Medicine,120,215.54,241.04,0.89
DR0157,Internal Medicine,104,213.16,241.04,0.88
DR0215,General Surgery,110,2218.66,2507.42,0.88
DR0302,Internal Medicine,487,211.46,241.04,0.88
DR0018,Emergency Medicine,136,367.23,423.4,0.87
DR0030,Cardiology,114,396.88,457.4,0.87
DR0253,Obstetrics & Gynecology,134,735.0,847.22,0.87
DR0307,Pediatrics,239,208.16,238.64,0.87
DR0417,Cardiology,230,397.77,457.4,0.87
DR0068,Emergency Medicine,236,364.89,423.4,0.86
DR0313,Cardiology,157,391.84,457.4,0.86
DR0331,Cardiology,292,391.13,457.4,0.86
DR0336,Family Medicine,519,204.45,236.96,0.86
DR0374,General Surgery,479,2156.93,2507.42,0.86
DR0375,Emergency Medicine,200,363.44,423.4,0.86
DR0042,Pediatrics,106,201.9,238.64,0.85
DR0349,Cardiology,180,386.52,457.4,0.85
DR0350,General Surgery,102,2142.17,2507.42,0.85
DR0028,Pediatrics,177,201.2,238.64,0.84
DR0071,Emergency Medicine,151,354.82,423.4,0.84
DR0139,Internal Medicine,278,201.57,241.04,0.84
DR0178,Oncology,186,598.79,714.92,0.84
DR0403,Family Medicine,177,198.07,236.96,0.84
DR0442,Other,143,723.82,865.06,0.84
DR0016,Internal Medicine,181,200.17,241.04,0.83
DR0243,Internal Medicine,202,199.44,241.04,0.83
DR0280,Internal Medicine,112,200.86,241.04,0.83
DR0180,Pediatrics,136,195.32,238.64,0.82
DR0204,Family Medicine,105,193.23,236.96,0.82
DR0324,Oncology,100,586.57,714.92,0.82
DR0378,Pediatrics,113,195.6,238.64,0.82
DR0259,Orthopedics,191,1034.04,1280.15,0.81
DR0287,Emergency Medicine,102,343.61,423.4,0.81
DR0303,Family Medicine,248,192.32,236.96,0.81
DR0398,Internal Medicine,127,195.33,241.04,0.81
DR0201,Orthopedics,248,1018.48,1280.15,0.8
DR0202,Internal Medicine,255,193.4,241.04,0.8
DR0046,Emergency Medicine,157,334.86,423.4,0.79
DR0148,Family Medicine,256,185.44,236.96,0.78
DR0419,Orthopedics,308,987.79,1280.15,0.77
DR0023,Radiology,124,460.45,602.86,0.76
DR0211,Family Medicine,149,179.61,236.96,0.76
DR0435,Other,116,658.88,865.06,0.76
DR0275,Internal Medicine,184,181.94,241.04,0.75
DR0058,Internal Medicine,101,179.36,241.04,0.74
DR0233,Other,101,636.25,865.06,0.74
DR0250,Orthopedics,163,937.25,1280.15,0.73
DR0007,Pediatrics,102,169.77,238.64,0.71
DR0402,Neurology,146,351.7,497.49,0.71
DR0248,Family Medicine,118,162.9,236.96,0.69
