Facility_ID,Facility_Name,month,claims,avg_monthly_claims,volume_ratio
F016,Facility_016,2025-12,25,17.2,1.45
F025,Facility_025,2024-12,66,45.8,1.44
F007,Facility_007,2025-01,164,115.8,1.42
F009,Facility_009,2024-12,66,47.2,1.4
F009,Facility_009,2025-12,66,47.2,1.4
F016,Facility_016,2024-02,24,17.2,1.39
F016,Facility_016,2024-05,24,17.2,1.39
F001,Facility_001,2024-12,129,94.2,1.37
F006,Facility_006,2025-01,89,65.6,1.36
F007,Facility_007,2026-01,158,115.8,1.36
F018,Facility_018,2024-04,70,51.4,1.36
F018,Facility_018,2025-12,70,51.4,1.36
F009,Facility_009,2024-11,63,47.2,1.34
F018,Facility_018,2025-11,69,51.4,1.34
F018,Facility_018,2026-01,69,51.4,1.34
F003,Facility_003,2026-01,104,78.3,1.33
F016,Facility_016,2024-03,23,17.2,1.33
F016,Facility_016,2025-09,23,17.2,1.33
F023,Facility_023,2025-10,80,60.2,1.33
F005,Facility_005,2025-12,91,69.1,1.32
F008,Facility_008,2024-12,134,102.7,1.31
F009,Facility_009,2025-01,62,47.2,1.31
F004,Facility_004,2026-02,101,77.7,1.3
F005,Facility_005,2024-11,90,69.1,1.3
F007,Facility_007,2026-02,150,115.8,1.3
F014,Facility_014,2025-01,87,67.0,1.3
F023,Facility_023,2024-12,78,60.2,1.3
F007,Facility_007,2024-01,149,115.8,1.29
F003,Facility_003,2024-01,100,78.3,1.28
F001,Facility_001,2024-03,120,94.2,1.27
F004,Facility_004,2025-02,99,77.7,1.27
F010,Facility_010,2024-11,73,57.6,1.27
F017,Facility_017,2024-01,126,99.2,1.27
F022,Facility_022,2025-01,157,123.9,1.27
F002,Facility_002,2024-12,124,98.8,1.26
F017,Facility_017,2026-02,125,99.2,1.26
F001,Facility_001,2024-01,118,94.2,1.25
F008,Facility_008,2025-01,128,102.7,1.25
F013,Facility_013,2024-02,180,144.4,1.25
F013,Facility_013,2025-01,181,144.4,1.25
F015,Facility_015,2024-11,77,61.4,1.25
F023,Facility_023,2026-04,75,60.2,1.25
F003,Facility_003,2025-01,97,78.3,1.24
F004,Facility_004,2025-01,96,77.7,1.24
F005,Facility_005,2026-03,86,69.1,1.24
F015,Facility_015,2024-01,76,61.4,1.24
F015,Facility_015,2025-08,76,61.4,1.24
F017,Facility_017,2024-11,123,99.2,1.24
F019,Facility_019,2024-02,132,106.2,1.24
F021,Facility_021,2024-02,117,94.4,1.24
F022,Facility_022,2024-04,153,123.9,1.24
F025,Facility_025,2024-08,57,45.8,1.24
F007,Facility_007,2024-08,142,115.8,1.23
F008,Facility_008,2024-11,126,102.7,1.23
F010,Facility_010,2026-01,71,57.6,1.23
F017,Facility_017,2025-12,122,99.2,1.23
F020,Facility_020,2026-01,209,170.6,1.23
F022,Facility_022,2024-01,152,123.9,1.23
F023,Facility_023,2024-11,74,60.2,1.23
F023,Facility_023,2026-08,74,60.2,1.23
F001,Facility_001,2024-11,115,94.2,1.22
F010,Facility_010,2025-03,70,57.6,1.22
F016,Facility_016,2025-07,21,17.2,1.22
F016,Facility_016,2026-01,21,17.2,1.22
F016,Facility_016,2026-03,21,17.2,1.22
F025,Facility_025,2025-02,56,45.8,1.22
F025,Facility_025,2025-07,56,45.8,1.22
F025,Facility_025,2025-10,56,45.8,1.22
F003,Facility_003,2024-12,95,78.3,1.21
F013,Facility_013,2024-01,175,144.4,1.21
F019,Facility_019,2026-01,129,106.2,1.21
F021,Facility_021,2025-01,114,94.4,1.21
F023,Facility_023,2025-01,73,60.2,1.21
F023,Facility_023,2025-08,73,60.2,1.21
F003,Facility_003,2025-11,94,78.3,1.2
F005,Facility_005,2024-01,83,69.1,1.2
F022,Facility_022,2024-02,149,123.9,1.2
F023,Facility_023,2024-01,72,60.2,1.2
F006,Facility_006,2024-12,78,65.6,1.19
F009,Facility_009,2025-11,56,47.2,1.19
F009,Facility_009,2026-08,56,47.2,1.19
F018,Facility_018,2025-04,61,51.4,1.19
F019,Facility_019,2024-12,126,106.2,1.19
F022,Facility_022,2024-10,148,123.9,1.19
F022,Facility_022,2026-01,147,123.9,1.19
F004,Facility_004,2025-12,92,77.7,1.18
F012,Facility_012,2024-05,127,107.5,1.18
F012,Facility_012,2026-01,127,107.5,1.18
F013,Facility_013,2025-12,171,144.4,1.18
F020,Facility_020,2024-01,202,170.6,1.18
F020,Facility_020,2024-07,201,170.6,1.18
F022,Facility_022,2024-11,146,123.9,1.18
F022,Facility_022,2024-12,146,123.9,1.18
F005,Facility_005,2024-12,81,69.1,1.17
F007,Facility_007,2025-03,135,115.8,1.17
F009,Facility_009,2024-10,55,47.2,1.17
F012,Facility_012,2025-12,126,107.5,1.17
F018,Facility_018,2025-07,60,51.4,1.17
F022,Facility_022,2024-03,145,123.9,1.17
F024,Facility_024,2024-02,112,96.1,1.17
