month,Claim_Status,claims,month_status_share_pct
2024-01,Paid,1997,77.64
2024-01,Denied,275,10.69
2024-01,Rejected,144,5.6
2024-01,Pending,112,4.35
2024-01,Reversed,44,1.71
2024-02,Paid,1841,76.71
2024-02,Denied,273,11.38
2024-02,Rejected,128,5.33
2024-02,Pending,116,4.83
2024-02,Reversed,42,1.75
2024-03,Paid,1833,79.21
2024-03,Denied,224,9.68
2024-03,Rejected,119,5.14
2024-03,Pending,110,4.75
2024-03,Reversed,28,1.21
2024-04,Paid,1789,78.57
2024-04,Denied,247,10.85
2024-04,Rejected,114,5.01
2024-04,Pending,95,4.17
2024-04,Reversed,32,1.41
2024-05,Paid,1702,78.4
2024-05,Denied,236,10.87
2024-05,Rejected,108,4.97
2024-05,Pending,88,4.05
2024-05,Reversed,37,1.7
2024-06,Paid,1625,79.04
2024-06,Denied,209,10.17
2024-06,Rejected,112,5.45
2024-06,Pending,79,3.84
2024-06,Reversed,31,1.51
2024-07,Paid,1632,78.24
2024-07,Denied,198,9.49
2024-07,Rejected,118,5.66
2024-07,Pending,104,4.99
2024-07,Reversed,34,1.63
2024-08,Paid,1789,79.19
2024-08,Denied,211,9.34
2024-08,Rejected,116,5.14
2024-08,Pending,102,4.52
2024-08,Reversed,41,1.81
2024-09,Paid,1711,78.24
2024-09,Denied,202,9.24
2024-09,Rejected,128,5.85
2024-09,Pending,125,5.72
2024-09,Reversed,21,0.96
2024-10,Paid,1728,76.53
2024-10,Denied,254,11.25
2024-10,Rejected,129,5.71
2024-10,Pending,106,4.69
2024-10,Reversed,41,1.82
2024-11,Paid,1922,77.75
2024-11,Denied,252,10.19
2024-11,Rejected,158,6.39
2024-11,Pending,106,4.29
2024-11,Reversed,34,1.38
2024-12,Paid,2005,78.2
2024-12,Denied,274,10.69
2024-12,Rejected,134,5.23
2024-12,Pending,110,4.29
2024-12,Reversed,41,1.6
2025-01,Paid,2071,79.59
2025-01,Denied,263,10.11
2025-01,Rejected,123,4.73
2025-01,Pending,111,4.27
2025-01,Reversed,34,1.31
2025-02,Paid,1790,78.72
2025-02,Denied,228,10.03
2025-02,Rejected,121,5.32
2025-02,Pending,103,4.53
2025-02,Reversed,32,1.41
2025-03,Paid,1765,78.69
2025-03,Denied,214,9.54
2025-03,Rejected,137,6.11
2025-03,Pending,95,4.24
2025-03,Reversed,32,1.43
2025-04,Paid,1668,77.83
2025-04,Denied,236,11.01
2025-04,Rejected,104,4.85
2025-04,Pending,102,4.76
2025-04,Reversed,33,1.54
2025-05,Paid,1667,77.07
2025-05,Denied,238,11.0
2025-05,Rejected,130,6.01
2025-05,Pending,95,4.39
2025-05,Reversed,33,1.53
2025-06,Paid,1602,76.69
2025-06,Denied,253,12.11
2025-06,Rejected,103,4.93
2025-06,Pending,99,4.74
2025-06,Reversed,32,1.53
2025-07,Paid,1686,78.64
2025-07,Denied,204,9.51
2025-07,Rejected,124,5.78
2025-07,Pending,103,4.8
2025-07,Reversed,27,1.26
2025-08,Paid,1784,77.57
2025-08,Denied,229,9.96
2025-08,Rejected,149,6.48
2025-08,Pending,108,4.7
2025-08,Reversed,30,1.3
2025-09,Paid,1767,77.53
2025-09,Denied,228,10.0
2025-09,Rejected,135,5.92
2025-09,Pending,116,5.09
2025-09,Reversed,33,1.45
2025-10,Paid,1698,77.57
2025-10,Denied,255,11.65
2025-10,Rejected,114,5.21
2025-10,Pending,88,4.02
2025-10,Reversed,34,1.55
2025-11,Paid,1859,78.17
2025-11,Denied,260,10.93
2025-11,Rejected,117,4.92
2025-11,Pending,101,4.25
2025-11,Reversed,41,1.72
2025-12,Paid,1950,78.09
2025-12,Denied,259,10.37
2025-12,Rejected,141,5.65
2025-12,Pending,102,4.08
2025-12,Reversed,45,1.8
2026-01,Paid,1934,76.93
2026-01,Denied,258,10.26
2026-01,Rejected,140,5.57
2026-01,Pending,134,5.33
2026-01,Reversed,48,1.91
2026-02,Paid,1826,78.57
2026-02,Denied,255,10.97
2026-02,Rejected,113,4.86
2026-02,Pending,106,4.56
2026-02,Reversed,24,1.03
2026-03,Paid,1735,76.84
2026-03,Denied,245,10.85
2026-03,Rejected,138,6.11
2026-03,Pending,104,4.61
2026-03,Reversed,36,1.59
2026-04,Paid,1661,77.94
2026-04,Denied,242,11.36
2026-04,Rejected,122,5.73
2026-04,Pending,80,3.75
2026-04,Reversed,26,1.22
2026-05,Paid,1679,78.72
2026-05,Denied,205,9.61
2026-05,Rejected,118,5.53
2026-05,Pending,99,4.64
2026-05,Reversed,32,1.5
2026-06,Paid,1635,76.69
2026-06,Denied,229,10.74
2026-06,Rejected,137,6.43
2026-06,Pending,99,4.64
2026-06,Reversed,32,1.5
2026-07,Paid,1682,79.9
2026-07,Denied,194,9.22
2026-07,Rejected,101,4.8
2026-07,Pending,95,4.51
2026-07,Reversed,33,1.57
2026-08,Paid,1786,77.65
2026-08,Denied,239,10.39
2026-08,Rejected,142,6.17
2026-08,Pending,100,4.35
2026-08,Reversed,33,1.43
2026-09,Paid,1725,78.55
2026-09,Denied,212,9.65
2026-09,Rejected,129,5.87
2026-09,Pending,104,4.74
2026-09,Reversed,26,1.18
2026-10,Paid,1,100.0
2027-01,Paid,1,100.0
2027-03,Denied,1,50.0
2027-03,Paid,1,50.0
2027-04,Paid,1,50.0
2027-04,Reversed,1,50.0
2027-05,Paid,1,100.0
2027-06,Paid,1,100.0
2027-07,Paid,2,100.0
2027-11,Denied,1,50.0
2027-11,Pending,1,50.0
2027-12,Denied,1,50.0
2027-12,Paid,1,50.0
2028-06,Pending,1,100.0
