Month,Claims,Unique_Patients,Billed,Allowed,Paid,Avg_Claim,Avg_Submission_Lag,Payment_Rate
2024-01,2572,2369,1478756.96,1231433.95,808272.6,574.9443856920684,15.319984447900467,0.656366993942306
2024-02,2400,2218,1309337.25,1095234.51,748822.31,545.5571875,15.332916666666666,0.6837095646301358
2024-03,2314,2122,1357208.98,1146590.58,787349.01,586.5207346585998,14.949870354364736,0.6866871433742286
2024-04,2277,2093,1378251.29,1156884.5,782304.36,605.2926174791393,14.912165129556433,0.6762164762342308
2024-05,2171,2012,1315043.24,1101405.94,782829.88,605.7315707047444,14.973744818056195,0.7107550918056608
2024-06,2056,1936,1128724.98,939780.86,657906.93,548.9907490272374,15.164396887159533,0.7000641936887287
2024-07,2086,1949,1319746.33,1110148.3,732537.19,632.668422818792,15.012464046021092,0.6598552553744396
2024-08,2259,2103,1341703.06,1128342.22,782135.63,593.9367242142541,15.427180168216024,0.6931723515583774
2024-09,2187,2035,1210422.25,1015440.6,697737.31,553.4623914037494,14.962048468221308,0.687127646855956
2024-10,2258,2118,1291597.21,1077244.35,733508.12,572.0093932683791,14.667404782993799,0.6809115499190133
2024-11,2472,2288,1560031.49,1307781.03,833089.84,631.0806998381877,14.760113268608414,0.6370254812458932
2024-12,2564,2329,1471829.76,1229170.45,789242.75,574.0365678627145,15.03003120124805,0.6420938202671567
2025-01,2602,2374,1458552.85,1207428.04,852662.66,560.5506725595696,14.8228285933897,0.706180933151097
2025-02,2274,2093,1295310.49,1079272.66,755361.74,569.6176297273527,15.298592788038698,0.6998803620208447
2025-03,2243,2106,1291325.01,1080083.52,740100.76,575.7133348194383,15.093178778421757,0.6852254907101999
2025-04,2143,1984,1130723.62,938000.9,639044.09,527.6358469435371,14.921605226318245,0.6812830243553071
2025-05,2163,2003,1205328.47,999159.1,664258.08,557.2484835876098,14.9500693481276,0.6648171247201772
2025-06,2089,1949,1204951.16,1009632.0599999999,694871.6,576.8076400191479,14.48396361895644,0.6882424078332061
2025-07,2144,1994,1196319.23,990877.47,672823.16,557.9847154850746,14.88339552238806,0.6790175176755205
2025-08,2300,2127,1174614.08,983137.27,672265.79,510.7017739130435,14.918695652173913,0.6837964651670667
2025-09,2279,2105,1342543.57,1125147.56,771025.16,589.0932733655112,14.666959192628346,0.6852658152678214
2025-10,2189,2042,1393939.92,1158867.69,780790.15,636.7930196436729,14.743261763362266,0.6737526265832815
2025-11,2378,2205,1366981.87,1134552.62,740977.46,574.8451934398655,14.922624053826745,0.6531010082194336
2025-12,2497,2303,1325989.64,1103426.06,740119.15,531.0330957148578,14.411293552262716,0.6707464839103039
2026-01,2514,2342,1446962.2,1203273.7,841905.91,575.5617342879873,15.177008750994432,0.6996794744204914
2026-02,2324,2140,1335254.24,1119495.58,760309.71,574.5500172117039,14.93932874354561,0.679153829262997
2026-03,2258,2095,1343397.12,1126394.77,748727.4,594.950008857396,14.676262178919398,0.6647113604762209
2026-04,2131,1985,1394722.46,1174681.65,815697.0,654.492003754106,14.915063350539652,0.6943983503956157
2026-05,2133,1988,1175109.8699999999,988309.06,657947.24,550.9188326300984,14.853727144866385,0.6657302524374308
2026-06,2132,1984,1315723.48,1086998.25,763212.13,617.1310881801126,14.924953095684803,0.7021282048982139
2026-07,2105,1949,1273903.32,1055767.75,715695.01,605.1797244655583,14.625653206650831,0.6778905777335972
2026-08,2300,2128,1415913.57,1175983.4,786177.58,615.614595652174,15.364347826086956,0.668527787041892
2026-09,2196,2021,1392371.49,1164998.04,766346.14,634.0489480874317,15.28688524590164,0.6578089521936019
2026-10,1,1,57.75,46.87,36.54,57.75,-643.0,0.7796031576701515
2027-01,1,1,312.15,245.65,229.92,312.15,-679.0,0.9359658050071239
2027-03,2,2,5666.76,4747.15,1011.18,2833.38,-627.0,0.2130078046828097
2027-04,2,2,632.91,506.88,389.67,316.455,-545.5,0.7687618371212122
2027-05,1,1,101.98,83.86,60.89,101.98,-613.0,0.7260911042213213
2027-06,1,1,1678.93,1191.92,1136.3,1678.93,-437.0,0.9533357943486139
2027-07,2,2,324.14,271.74,238.36,162.07,-641.0,0.8771619930816221
2027-11,2,2,574.95,475.26,30.05,287.475,-558.0,0.06322854858393301
2027-12,2,2,390.96000000000004,349.63,267.12,195.48000000000002,-579.0,0.7640076652461173
2028-06,1,1,65.39,59.71,0.0,65.39,-694.0,0.0
