Provider_ID,Week_Start,Weekly_Claims,Mean_Weekly_Claims,Std_Weekly_Claims,Volume_Z
DR0006,2025-07-21,8,2.5572519083969465,1.3652855736410916,3.986527212096546
DR0031,2025-01-13,10,3.4468085106382977,1.679394159106592,3.9021163994329267
DR0035,2025-01-27,22,10.777777777777779,3.7368781040138264,3.0031009601753653
DR0076,2025-05-19,9,3.1714285714285713,1.7045974952347356,3.4193241776228187
DR0081,2024-11-04,14,5.321678321678322,2.084825789328855,4.162612397995803
DR0093,2024-07-29,9,2.9774436090225564,1.6943138658355583,3.5545695000302637
DR0112,2024-07-22,12,5.174825174825175,2.120705055874025,3.2183517487592845
DR0131,2024-08-19,10,4.122302158273381,1.77527475585145,3.3108665700074025
DR0148,2026-03-30,8,2.015748031496063,1.195124035327515,5.0072225071299785
DR0173,2024-04-15,9,3.1751824817518246,1.6355328787089285,3.5614187853234855
DR0183,2024-11-04,8,2.7559055118110236,1.7169395780896455,3.0543267538999963
DR0183,2025-02-03,8,2.7559055118110236,1.7169395780896455,3.0543267538999963
DR0183,2026-08-31,8,2.7559055118110236,1.7169395780896455,3.0543267538999963
DR0189,2024-04-01,8,2.6259541984732824,1.4953048460101597,3.593946622901672
DR0191,2024-05-27,9,2.032520325203252,1.1730229921690667,5.9397639443648105
DR0199,2025-02-24,8,2.434108527131783,1.3395717671628664,4.154978187287752
DR0226,2024-01-22,9,3.3597122302158273,1.8058166655649035,3.1233999980943543
DR0226,2025-01-13,10,3.3597122302158273,1.8058166655649035,3.6771660691850627
DR0240,2024-12-30,18,6.243055555555555,2.7206707517723165,4.321340403569841
DR0242,2024-09-30,14,5.715277777777778,2.454233375366218,3.375686397788468
DR0281,2025-12-01,9,2.4206349206349205,1.5197535305603975,4.329231646488749
DR0282,2024-04-15,12,4.76595744680851,2.1962250010686852,3.293853111439583
DR0283,2026-04-13,8,2.9635036496350367,1.5923011424650193,3.163030042525771
DR0288,2025-08-18,8,2.786259541984733,1.6687518762318987,3.124335338449524
DR0288,2025-12-01,8,2.786259541984733,1.6687518762318987,3.124335338449524
DR0301,2024-04-01,8,2.6030534351145036,1.5917063379761653,3.390667258225312
DR0301,2024-06-10,9,2.6030534351145036,1.5917063379761653,4.018923850626325
DR0301,2025-03-31,8,2.6030534351145036,1.5917063379761653,3.390667258225312
DR0301,2026-02-23,8,2.6030534351145036,1.5917063379761653,3.390667258225312
DR0302,2024-10-28,9,3.4785714285714286,1.8367466434626538,3.006091553824493
DR0302,2024-11-11,9,3.4785714285714286,1.8367466434626538,3.006091553824493
DR0311,2024-07-15,8,2.546153846153846,1.4257408707094879,3.8252716646413947
DR0336,2024-01-15,10,3.760869565217391,2.0345710924683456,3.066558085819102
DR0336,2024-05-13,10,3.760869565217391,2.0345710924683456,3.066558085819102
DR0336,2025-01-06,11,3.760869565217391,2.0345710924683456,3.5580621692604915
DR0363,2024-04-29,8,2.8496240601503757,1.5447675151233469,3.334078357699266
DR0372,2025-12-22,12,4.86013986013986,2.118335110947562,3.370505498852057
DR0374,2025-08-25,13,3.4963503649635035,1.8515656633653426,5.13276402942307
DR0382,2026-02-09,9,3.0606060606060606,1.5955930518583237,3.722373905098524
DR0397,2026-03-02,9,3.5531914893617023,1.7542826450672637,3.104863703664727
DR0404,2025-11-10,11,4.347222222222222,2.155881350590611,3.085873800965543
DR0416,2024-10-21,9,3.194244604316547,1.6145969023649436,3.595792477478191
DR0431,2025-02-03,8,2.7099236641221376,1.5416701713417604,3.4313930659200307
DR0443,2024-01-29,9,3.1605839416058394,1.7202666373454323,3.394483117689852
DR0443,2025-07-14,9,3.1605839416058394,1.7202666373454323,3.394483117689852
DR0443,2026-03-30,11,3.1605839416058394,1.7202666373454323,4.557093585498626
