Provider_ID,Provider_Display_Name,Specialty,Claims,Patients,Avg_Claim,Billed,Paid
DR0386,Provider_0386,Family Medicine,1921,1790,238.96335762623633,459048.61,263389.51
DR0035,Provider_0035,Other,1552,1477,852.0517719072166,1322384.35,757414.83
DR0240,Provider_0240,Pediatrics,899,868,222.09568409343714,199664.02,117479.31
DR0242,Provider_0242,General Surgery,823,802,2473.205212636695,2035447.89,1122875.91
DR0081,Provider_0081,Internal Medicine,761,751,256.40600525624177,195124.97,108207.81
DR0112,Provider_0112,Internal Medicine,740,727,248.10016216216215,183594.12,103774.09
DR0372,Provider_0372,Emergency Medicine,695,674,453.041928057554,314864.14,178165.04
DR0282,Provider_0282,Family Medicine,672,653,232.25732142857146,156076.92,89489.73
DR0209,Provider_0209,Emergency Medicine,646,631,475.0070743034056,306854.57,175156.08
DR0404,Provider_0404,Orthopedics,626,611,1323.8635143769968,828738.56,453350.61
DR0131,Provider_0131,Neurology,573,556,461.5650261780105,264476.76,139907.24
DR0336,Provider_0336,Family Medicine,519,509,204.45194605009632,106110.56,63208.72
DR0062,Provider_0062,Internal Medicine,508,496,231.08114173228347,117389.22,64474.41
DR0332,Provider_0332,Cardiology,506,489,427.71136363636367,216421.95,125201.66
DR0397,Provider_0397,Pediatrics,501,493,233.85508982035927,117161.4,66347.92
DR0206,Provider_0206,Radiology,500,491,602.7259799999999,301362.99,163864.03
DR0265,Provider_0265,Cardiology,498,484,506.60277108433735,252288.18,141904.79
DR0302,Provider_0302,Internal Medicine,487,477,211.46256673511294,102982.27,57572.17
DR0031,Provider_0031,Oncology,486,481,754.3348765432099,366606.75,204957.19
DR0374,Provider_0374,General Surgery,479,471,2156.931440501044,1033170.16,586634.02
DR0263,Provider_0263,Orthopedics,475,463,1206.2499368421052,572968.72,296099.95
DR0226,Provider_0226,Family Medicine,467,464,261.3141755888651,122033.72,74715.94
DR0416,Provider_0416,Orthopedics,444,434,1242.2218243243244,551546.49,304929.8
DR0076,Provider_0076,Pediatrics,444,435,214.70975225225226,95331.13,52891.44
DR0186,Provider_0186,Obstetrics & Gynecology,437,428,862.2696109839817,376811.82,215501.17
DR0173,Provider_0173,Family Medicine,435,432,298.1514022988506,129695.86,70694.6
DR0443,Provider_0443,Family Medicine,433,426,229.07237875288683,99188.34,57189.13
DR0337,Provider_0337,Family Medicine,425,420,229.81131764705881,97669.81,58379.05
DR0318,Provider_0318,Orthopedics,424,418,1349.5144811320756,572194.14,349078.22
DR0003,Provider_0003,Emergency Medicine,406,401,441.4415763546798,179225.28,113266.28
DR0283,Provider_0283,Other,406,402,838.80921182266,340556.54,197062.56
DR0382,Provider_0382,Pediatrics,404,392,225.69024752475246,91178.86,49269.16
DR0093,Provider_0093,Internal Medicine,396,393,238.2062878787879,94329.69,51069.57
DR0103,Provider_0103,Neurology,385,381,519.7178441558441,200091.37,112419.81999999999
DR0363,Provider_0363,Internal Medicine,379,377,257.30197889182057,97517.45,51754.9
DR0229,Provider_0229,Emergency Medicine,374,372,392.0642513368984,146632.03,80024.14
DR0288,Provider_0288,Cardiology,365,358,420.30063013698634,153409.73,84153.59
DR0431,Provider_0431,Internal Medicine,355,350,223.65335211267606,79396.94,47849.3
DR0428,Provider_0428,Internal Medicine,351,349,287.82472934472935,101026.48,59994.72
DR0183,Provider_0183,Other,350,344,822.2095999999999,287773.36,164532.63
DR0189,Provider_0189,Oncology,344,338,685.6876744186046,235876.56,131090.17
DR0301,Provider_0301,Cardiology,341,340,443.15334310850443,151115.29,88542.15
DR0052,Provider_0052,General Surgery,340,338,2972.4753823529413,1010641.63,579088.93
DR0006,Provider_0006,Orthopedics,335,331,1158.602686567164,388131.89999999997,192423.63
DR0089,Provider_0089,Pediatrics,335,331,304.0726567164179,101864.34,54005.52
DR0311,Provider_0311,Orthopedics,331,327,1357.2967975830816,449265.24,255989.34
DR0160,Provider_0160,Family Medicine,326,320,249.25423312883436,81256.88,50745.31
DR0199,Provider_0199,Family Medicine,314,312,232.82875796178342,73108.23,39628.39
DR0245,Provider_0245,Other,312,309,926.0310576923077,288921.69,163514.7
DR0162,Provider_0162,Pediatrics,309,305,271.5942718446602,83922.63,41064.15
DR0419,Provider_0419,Orthopedics,308,302,987.7883116883116,304238.8,176964.9
DR0325,Provider_0325,Other,308,305,876.0450974025974,269821.89,139882.05
DR0281,Provider_0281,Obstetrics & Gynecology,305,303,871.9447213114754,265943.14,143074.68
DR0331,Provider_0331,Cardiology,292,289,391.1302739726027,114210.04,65637.18
DR0438,Provider_0438,Emergency Medicine,292,289,400.5805136986301,116969.51,71739.92
DR0437,Provider_0437,Other,292,287,924.0919520547944,269834.85,152240.8
DR0235,Provider_0235,Family Medicine,292,289,219.3003424657534,64035.7,34925.22
DR0084,Provider_0084,Family Medicine,292,288,318.29794520547944,92943.0,55424.55
DR0407,Provider_0407,Internal Medicine,291,285,250.106116838488,72780.88,42402.93
DR0354,Provider_0354,Family Medicine,291,291,285.2208934707904,82999.28,50917.75
DR0082,Provider_0082,Oncology,291,288,658.2474226804123,191550.0,104357.59
DR0269,Provider_0269,Other,289,288,853.7752249134949,246741.04,126603.2
DR0027,Provider_0027,Other,288,287,785.3779166666667,226188.84,126407.49
DR0251,Provider_0251,Internal Medicine,288,286,286.96555555555557,82646.08,47992.23
DR0139,Provider_0139,Internal Medicine,278,274,201.5661510791367,56035.39,33015.86
DR0070,Provider_0070,Emergency Medicine,275,274,391.15610909090907,107567.93,55931.64
DR0090,Provider_0090,General Surgery,270,267,2497.496111111111,674323.95,363272.67
DR0356,Provider_0356,Obstetrics & Gynecology,269,267,856.691375464684,230449.98,121848.33
DR0163,Provider_0163,Orthopedics,264,262,1446.7750757575757,381948.62,211565.9
DR0380,Provider_0380,Family Medicine,261,260,239.9010344827586,62614.17,33850.81
DR0021,Provider_0021,Emergency Medicine,261,258,383.29176245210726,100039.15,55567.74
DR0244,Provider_0244,Emergency Medicine,257,252,437.4314785992218,112419.89,65585.99
DR0148,Provider_0148,Family Medicine,256,253,185.44,47472.64,26637.07
DR0107,Provider_0107,Cardiology,256,256,501.1939453125,128305.65,76968.6
DR0202,Provider_0202,Internal Medicine,255,253,193.4047843137255,49318.22,28593.79
DR0224,Provider_0224,Emergency Medicine,253,251,459.913162055336,116358.03,68359.52
DR0338,Provider_0338,Neurology,250,248,465.76415999999995,116441.04,66232.47
DR0191,Provider_0191,Family Medicine,250,249,232.73496,58183.74,30737.15
DR0170,Provider_0170,Internal Medicine,250,249,224.12932,56032.33,32314.39
DR0013,Provider_0013,Oncology,248,246,800.6929435483871,198571.85,116269.76
DR0393,Provider_0393,Emergency Medicine,248,247,421.025685483871,104414.37,57167.44
DR0303,Provider_0303,Family Medicine,248,247,192.31758064516129,47694.76,29305.8
DR0161,Provider_0161,Family Medicine,248,245,219.17153225806453,54354.54,28808.84
DR0201,Provider_0201,Orthopedics,248,245,1018.4783467741936,252582.63,137110.14
DR0177,Provider_0177,Emergency Medicine,247,245,437.62611336032387,108093.65,63698.21
DR0299,Provider_0299,Other,246,243,830.6532113821138,204340.69,118671.73
DR0126,Provider_0126,Emergency Medicine,246,244,443.32642276422763,109058.3,57172.2
DR0088,Provider_0088,Family Medicine,244,243,218.83143442622952,53394.87,30281.88
DR0083,Provider_0083,Internal Medicine,242,240,217.73355371900828,52691.520000000004,29950.5
DR0102,Provider_0102,Oncology,242,242,741.3228099173554,179400.12,102046.96
DR0307,Provider_0307,Pediatrics,239,235,208.1552719665272,49749.11,27740.48
DR0038,Provider_0038,Family Medicine,239,238,241.1860251046025,57643.46,31732.64
DR0352,Provider_0352,Orthopedics,238,238,1466.8122268907564,349101.31,225985.24
DR0300,Provider_0300,Cardiology,238,235,458.95436974789914,109231.14,57609.08
DR0079,Provider_0079,Internal Medicine,237,235,240.8248523206751,57075.49,32812.97
DR0068,Provider_0068,Emergency Medicine,236,235,364.8899152542373,86114.02,46389.8
DR0009,Provider_0009,Obstetrics & Gynecology,236,232,787.7638135593221,185912.26,100075.68000000001
DR0342,Provider_0342,Other,235,234,922.729914893617,216841.53,118780.45
DR0144,Provider_0144,Cardiology,232,230,471.3446982758621,109351.97,61991.77
DR0410,Provider_0410,Cardiology,231,230,463.6851515151515,107111.27,63175.9
DR0187,Provider_0187,Other,231,225,981.4005627705627,226703.53,132523.01
DR0417,Provider_0417,Cardiology,230,228,397.773,91487.79000000001,50193.26
DR0085,Provider_0085,Obstetrics & Gynecology,229,225,932.6105240174672,213567.81,131890.9
DR0291,Provider_0291,Other,226,223,793.5684513274336,179346.47,112369.28
DR0216,Provider_0216,Radiology,225,225,549.6460000000001,123670.35,72087.77
DR0312,Provider_0312,Oncology,224,223,708.6761607142856,158743.46,89096.7
DR0159,Provider_0159,Cardiology,221,220,412.7025339366516,91207.26000000001,49573.56
DR0381,Provider_0381,Other,218,216,956.5630275229357,208530.74,123751.64
DR0048,Provider_0048,Family Medicine,218,216,244.82733944954128,53372.36,31440.37
DR0409,Provider_0409,Emergency Medicine,217,216,455.72373271889404,98892.05,53525.06
DR0066,Provider_0066,Internal Medicine,215,213,258.6419069767442,55608.01,32981.659999999996
DR0271,Provider_0271,Emergency Medicine,208,206,451.2920673076923,93868.75,55338.33
DR0176,Provider_0176,Other,207,206,836.9808695652174,173255.04,98691.47
DR0025,Provider_0025,Emergency Medicine,206,204,469.4417961165048,96705.01,50607.83
DR0115,Provider_0115,Emergency Medicine,203,202,387.11645320197044,78584.64,40927.0
DR0243,Provider_0243,Internal Medicine,202,199,199.4401485148515,40286.91,18980.44
DR0175,Provider_0175,Internal Medicine,200,199,266.52425,53304.85,27835.34
DR0267,Provider_0267,Oncology,200,200,727.47885,145495.77,83141.47
DR0375,Provider_0375,Emergency Medicine,200,199,363.4379,72687.58,41738.24
DR0228,Provider_0228,Internal Medicine,199,196,218.02422110552763,43386.82,26439.67
DR0034,Provider_0034,Radiology,197,195,545.6540609137056,107493.85,66529.28
DR0137,Provider_0137,Emergency Medicine,195,194,414.42189743589745,80812.27,50329.77
DR0357,Provider_0357,Radiology,193,193,566.3470466321244,109304.98,59645.96
DR0026,Provider_0026,Family Medicine,193,193,266.70025906735754,51473.15,28908.62
DR0158,Provider_0158,Family Medicine,191,191,222.69251308900522,42534.27,23166.17
DR0259,Provider_0259,Orthopedics,191,191,1034.0368062827224,197501.03,133149.83
DR0014,Provider_0014,Other,190,189,787.0731052631579,149543.89,83949.51
DR0360,Provider_0360,Cardiology,189,187,438.1918518518518,82818.26,47507.03
DR0264,Provider_0264,Internal Medicine,189,185,228.1937566137566,43128.619999999995,26750.11
DR0078,Provider_0078,Other,188,188,854.2184042553191,160593.06,97212.04000000001
DR0220,Provider_0220,Radiology,187,187,568.6539572192513,106338.29,61414.21
DR0178,Provider_0178,Oncology,186,186,598.7948924731184,111375.85,61603.72
DR0156,Provider_0156,Internal Medicine,186,184,233.93731182795696,43512.34,24236.41
DR0405,Provider_0405,Family Medicine,185,185,212.85156756756757,39377.54,21061.82
DR0197,Provider_0197,Pediatrics,185,185,262.7703783783784,48612.52,26417.4
DR0275,Provider_0275,Internal Medicine,184,182,181.9350543478261,33476.05,19662.23
DR0019,Provider_0019,Internal Medicine,183,182,245.04879781420766,44843.93,27223.76
DR0344,Provider_0344,Internal Medicine,181,181,267.1488950276243,48353.95,29248.07
DR0016,Provider_0016,Internal Medicine,181,178,200.17127071823205,36231.0,19924.31
DR0111,Provider_0111,Emergency Medicine,180,177,446.5883333333333,80385.9,50489.71
DR0349,Provider_0349,Cardiology,180,176,386.51561111111107,69572.81,38027.6
DR0286,Provider_0286,Internal Medicine,178,175,238.42803370786518,42440.19,25629.13
DR0153,Provider_0153,Orthopedics,178,178,1384.7724157303371,246489.49,140536.29
DR0376,Provider_0376,Orthopedics,177,177,1218.7370056497175,215716.45,114910.01
DR0028,Provider_0028,Pediatrics,177,176,201.20378531073447,35613.07,21850.02
DR0403,Provider_0403,Family Medicine,177,176,198.0679096045198,35058.020000000004,19104.16
DR0057,Provider_0057,Emergency Medicine,177,174,440.38531073446325,77948.2,45697.17
DR0104,Provider_0104,Internal Medicine,177,176,349.8473446327684,61922.98,32681.33
DR0305,Provider_0305,Emergency Medicine,176,176,437.08880681818187,76927.63,45672.88
DR0261,Provider_0261,Internal Medicine,174,172,358.4153448275862,62364.27,41461.49
DR0433,Provider_0433,Other,171,169,901.5237426900585,154160.56,93807.9
DR0221,Provider_0221,General Surgery,167,165,2491.984850299401,416161.47,207116.53
DR0446,Provider_0446,Family Medicine,165,165,224.53157575757575,37047.71,20264.39
DR0257,Provider_0257,Other,164,162,839.0689024390243,137607.3,73308.05
DR0140,Provider_0140,Cardiology,164,164,468.85567073170733,76892.33,42288.98
DR0250,Provider_0250,Orthopedics,163,162,937.2505521472392,152771.84,84023.69
DR0241,Provider_0241,Orthopedics,162,160,1743.0088271604939,282367.43,148096.86000000002
DR0425,Provider_0425,Family Medicine,158,157,215.30708860759492,34018.52,19538.09
DR0046,Provider_0046,Emergency Medicine,157,156,334.8598089171974,52572.99,29476.03
DR0227,Provider_0227,Emergency Medicine,157,157,417.98675159235665,65623.92,36608.29
DR0313,Provider_0313,Cardiology,157,157,391.8383439490446,61518.62,35531.94
DR0108,Provider_0108,Pediatrics,156,153,221.41089743589743,34540.1,18920.15
DR0339,Provider_0339,Internal Medicine,154,154,243.5446103896104,37505.87,17893.22
DR0147,Provider_0147,Internal Medicine,153,152,298.05392156862746,45602.25,23439.6
DR0196,Provider_0196,Orthopedics,152,152,1274.3278947368422,193697.84,99539.96
DR0071,Provider_0071,Emergency Medicine,151,150,354.8208609271523,53577.95,27402.79
DR0145,Provider_0145,Emergency Medicine,150,150,501.6197333333334,75242.96,42057.23
DR0152,Provider_0152,Other,149,147,1051.0857718120806,156611.78,90523.1
DR0430,Provider_0430,Radiology,149,149,611.9537583892618,91181.11,51338.7
DR0211,Provider_0211,Family Medicine,149,148,179.60771812080537,26761.55,15286.45
DR0402,Provider_0402,Neurology,146,144,351.7049315068493,51348.92,30048.46
DR0249,Provider_0249,Family Medicine,145,144,268.26544827586207,38898.49,23600.17
DR0060,Provider_0060,Pediatrics,144,143,216.18965277777778,31131.31,19510.34
DR0401,Provider_0401,Emergency Medicine,144,144,407.16069444444446,58631.14,30245.55
DR0032,Provider_0032,Neurology,143,143,489.28832167832167,69968.23,41889.76
DR0135,Provider_0135,Other,143,141,889.4341958041957,127189.09,70292.51
DR0442,Provider_0442,Other,143,142,723.8155244755244,103505.62,58538.97
DR0361,Provider_0361,Neurology,142,141,498.83302816901414,70834.29000000001,45018.14
DR0184,Provider_0184,Other,141,141,975.7819858156029,137585.26,84783.57
DR0185,Provider_0185,Emergency Medicine,141,141,433.1981560283688,61080.94,32563.73
DR0395,Provider_0395,Pediatrics,141,141,215.59687943262412,30399.16,18054.05
DR0290,Provider_0290,Radiology,140,137,667.6974285714285,93477.64,52419.79
DR0114,Provider_0114,Radiology,140,140,610.7423571428571,85503.93,47751.159999999996
DR0086,Provider_0086,Radiology,139,138,594.6013669064748,82649.59,44831.520000000004
DR0214,Provider_0214,Pediatrics,139,139,373.2779136690648,51885.630000000005,30930.920000000002
DR0059,Provider_0059,Emergency Medicine,138,137,443.2402173913044,61167.15,29164.37
DR0194,Provider_0194,Oncology,138,138,673.0792028985506,92884.93,48305.58
DR0128,Provider_0128,Emergency Medicine,136,135,429.43301470588233,58402.89,34685.49
DR0018,Provider_0018,Emergency Medicine,136,136,367.2349264705882,49943.95,29652.79
DR0029,Provider_0029,Obstetrics & Gynecology,136,133,965.6403676470588,131327.09,75163.47
DR0180,Provider_0180,Pediatrics,136,134,195.3205882352941,26563.6,15326.64
DR0412,Provider_0412,Pediatrics,136,135,358.1833088235294,48712.93,28904.760000000002
DR0427,Provider_0427,Internal Medicine,135,135,243.91896296296295,32929.06,19004.68
DR0133,Provider_0133,Cardiology,135,134,596.5584444444445,80535.39,44284.38
DR0294,Provider_0294,Orthopedics,134,133,1525.3378358208954,204395.27,120629.14
DR0253,Provider_0253,Obstetrics & Gynecology,134,132,734.999776119403,98489.97,59777.65
DR0218,Provider_0218,General Surgery,134,134,2866.050671641791,384050.79,206688.84
DR0413,Provider_0413,Family Medicine,133,133,286.87924812030076,38154.94,18407.82
DR0439,Provider_0439,Emergency Medicine,132,132,429.47136363636366,56690.22,35992.98
DR0450,Provider_0450,Cardiology,130,129,476.0353846153846,61884.6,37505.24
DR0434,Provider_0434,Family Medicine,129,128,219.08093023255813,28261.44,15601.06
DR0065,Provider_0065,Emergency Medicine,129,129,393.3732558139535,50745.15,29396.88
DR0367,Provider_0367,Family Medicine,128,126,233.415859375,29877.23,17742.76
DR0398,Provider_0398,Internal Medicine,127,126,195.32732283464566,24806.57,15165.69
DR0335,Provider_0335,Emergency Medicine,127,126,457.26574803149606,58072.75,34152.54
DR0415,Provider_0415,Radiology,127,126,573.8800787401575,72882.77,46361.88
DR0232,Provider_0232,Family Medicine,126,126,278.9030158730159,35141.78,20513.49
DR0077,Provider_0077,Internal Medicine,126,125,336.1338888888889,42352.87,23508.06
DR0368,Provider_0368,Oncology,126,125,714.0145238095238,89965.83,48297.85
DR0166,Provider_0166,Cardiology,125,125,789.58808,98698.51,58051.04
DR0022,Provider_0022,Family Medicine,125,125,248.42535999999998,31053.17,17825.84
DR0023,Provider_0023,Radiology,124,123,460.45000000000005,57095.8,35298.22
DR0125,Provider_0125,Neurology,123,123,631.4901626016261,77673.29000000001,35655.7
DR0262,Provider_0262,Emergency Medicine,122,121,422.9064754098361,51594.590000000004,29995.18
DR0285,Provider_0285,Internal Medicine,122,121,294.62893442622953,35944.73,13745.15
DR0151,Provider_0151,Emergency Medicine,121,121,404.3180165289256,48922.48,30369.870000000003
DR0355,Provider_0355,Internal Medicine,120,120,215.53941666666665,25864.73,13121.93
DR0045,Provider_0045,Family Medicine,119,119,249.9220168067227,29740.72,15507.64
DR0136,Provider_0136,Internal Medicine,119,119,274.66218487394957,32684.8,16928.11
DR0109,Provider_0109,Neurology,118,118,744.4945762711865,87850.36,49414.41
DR0248,Provider_0248,Family Medicine,118,118,162.90033898305086,19222.24,10850.710000000001
DR0435,Provider_0435,Other,116,116,658.8814655172414,76430.25,45726.67
DR0110,Provider_0110,Internal Medicine,115,115,285.26269565217393,32805.21,17402.98
DR0143,Provider_0143,Internal Medicine,115,114,248.07982608695653,28529.18,15631.7
DR0278,Provider_0278,Emergency Medicine,115,114,386.1876521739131,44411.58,23470.19
DR0198,Provider_0198,Pediatrics,115,115,215.71808695652172,24807.579999999998,12338.39
DR0030,Provider_0030,Cardiology,114,114,396.8804385964913,45244.37,25880.82
DR0345,Provider_0345,Internal Medicine,114,114,235.4572807017544,26842.13,16695.72
DR0378,Provider_0378,Pediatrics,113,112,195.60477876106194,22103.34,12674.49
DR0280,Provider_0280,Internal Medicine,112,112,200.85767857142858,22496.06,12380.61
DR0047,Provider_0047,Oncology,111,111,844.8522522522524,93778.6,54343.590000000004
DR0215,Provider_0215,General Surgery,110,109,2218.6605454545456,244052.66,138149.26
DR0188,Provider_0188,Orthopedics,110,108,1210.7267272727272,133179.94,73205.53
DR0141,Provider_0141,Other,110,110,803.4788181818182,88382.67,50811.24
DR0440,Provider_0440,Oncology,109,108,690.3019266055046,75242.91,42544.6
DR0200,Provider_0200,Other,108,108,777.1651851851851,83933.84,49769.5
DR0042,Provider_0042,Pediatrics,106,106,201.90330188679246,21401.75,11245.69
DR0123,Provider_0123,Family Medicine,106,106,325.8881132075472,34544.14,23269.2
DR0204,Provider_0204,Family Medicine,105,104,193.23361904761904,20289.53,11247.33
DR0040,Provider_0040,Other,105,105,1028.4500952380952,107987.26,68984.99
DR0157,Provider_0157,Internal Medicine,104,104,213.16076923076923,22168.72,12780.86
DR0389,Provider_0389,Emergency Medicine,104,103,487.1504807692308,50663.65,32645.87
DR0113,Provider_0113,Obstetrics & Gynecology,104,104,849.1029807692308,88306.71,48022.38
DR0118,Provider_0118,Internal Medicine,104,103,258.34673076923076,26868.06,11913.81
DR0231,Provider_0231,Internal Medicine,104,104,250.2627884615385,26027.33,12789.25
DR0061,Provider_0061,Family Medicine,103,103,235.57718446601942,24264.45,13379.91
DR0343,Provider_0343,Oncology,103,102,911.142427184466,93847.67,55897.02
DR0217,Provider_0217,Pediatrics,103,103,233.96873786407767,24098.78,11035.5
DR0007,Provider_0007,Pediatrics,102,102,169.76666666666668,17316.2,9752.85
DR0287,Provider_0287,Emergency Medicine,102,102,343.61245098039217,35048.47,18418.24
DR0258,Provider_0258,Family Medicine,102,102,329.4848039215686,33607.45,20132.59
DR0350,Provider_0350,General Surgery,102,101,2142.172156862745,218501.56,134145.21
DR0247,Provider_0247,Emergency Medicine,102,102,405.5006862745098,41361.07,21385.98
DR0058,Provider_0058,Internal Medicine,101,101,179.36435643564354,18115.8,11655.47
DR0233,Provider_0233,Other,101,100,636.2488118811882,64261.130000000005,39595.8
DR0314,Provider_0314,Orthopedics,101,101,1448.9272277227722,146341.65,97361.96
DR0324,Provider_0324,Oncology,100,100,586.5686000000001,58656.86,34396.19
DR0054,Provider_0054,Other,99,99,851.9340404040404,84341.47,41698.99
DR0168,Provider_0168,Cardiology,99,99,477.5220202020202,47274.68,29386.08
DR0117,Provider_0117,Obstetrics & Gynecology,99,99,901.1253535353536,89211.41,42413.75
DR0225,Provider_0225,Radiology,99,99,658.179393939394,65159.76,34606.42
DR0236,Provider_0236,Cardiology,98,98,576.9628571428572,56542.36,35355.87
DR0132,Provider_0132,Oncology,98,98,650.549693877551,63753.87,36260.25
DR0388,Provider_0388,General Surgery,98,98,1542.3476530612245,151150.07,91091.58
DR0316,Provider_0316,Neurology,97,97,414.2634020618557,40183.55,23237.920000000002
DR0067,Provider_0067,Family Medicine,96,96,225.04645833333333,21604.46,11033.98
DR0370,Provider_0370,Internal Medicine,96,96,220.22083333333333,21141.2,12774.050000000001
DR0181,Provider_0181,Orthopedics,95,95,1089.8156842105263,103532.49,48803.19
DR0064,Provider_0064,Family Medicine,95,95,198.57768421052631,18864.88,9732.8
DR0366,Provider_0366,Obstetrics & Gynecology,94,94,579.9506382978724,54515.36,26425.86
DR0105,Provider_0105,General Surgery,94,94,2988.1137234042553,280882.69,160362.96
DR0171,Provider_0171,Family Medicine,94,94,205.68361702127658,19334.26,12588.06
DR0329,Provider_0329,Other,94,91,1069.3241489361703,100516.47,69683.26000000001
DR0341,Provider_0341,Obstetrics & Gynecology,94,94,785.6658510638298,73852.59,45178.28
DR0015,Provider_0015,Orthopedics,93,93,1292.5923655913978,120211.09,61240.939999999995
DR0296,Provider_0296,Other,93,93,955.5879569892472,88869.68,58026.95
DR0017,Provider_0017,Internal Medicine,92,92,286.72576086956525,26378.77,12099.8
DR0424,Provider_0424,Family Medicine,91,91,271.93483516483514,24746.07,15446.67
DR0098,Provider_0098,Obstetrics & Gynecology,91,91,644.0526373626374,58608.79,38986.01
DR0351,Provider_0351,Family Medicine,91,91,234.03021978021977,21296.75,13443.36
DR0036,Provider_0036,Emergency Medicine,90,90,414.2764444444444,37284.88,24822.7
DR0441,Provider_0441,Cardiology,90,89,663.9453333333333,59755.08,29094.510000000002
DR0436,Provider_0436,Family Medicine,89,89,194.38561797752809,17300.32,9916.6
DR0362,Provider_0362,Internal Medicine,88,88,213.45386363636362,18783.94,8775.51
DR0327,Provider_0327,Oncology,88,88,615.4192045454546,54156.89,30296.71
DR0400,Provider_0400,Other,87,87,895.1613793103447,77879.04,40695.15
DR0116,Provider_0116,Emergency Medicine,87,84,425.8154022988506,37045.94,22481.04
DR0297,Provider_0297,Internal Medicine,87,87,242.54850574712646,21101.72,10723.14
DR0423,Provider_0423,Pediatrics,87,86,234.07528735632184,20364.55,11107.91
DR0020,Provider_0020,Obstetrics & Gynecology,87,87,913.4354022988506,79468.88,43389.65
DR0049,Provider_0049,Radiology,86,86,672.23,57811.78,33347.9
DR0210,Provider_0210,Cardiology,86,86,636.1551162790697,54709.34,32273.149999999998
DR0277,Provider_0277,Pediatrics,86,86,363.0837209302326,31225.2,20120.85
DR0346,Provider_0346,Orthopedics,86,86,1114.422093023256,95840.3,59022.27
DR0001,Provider_0001,Family Medicine,85,85,244.00882352941176,20740.75,12779.71
DR0122,Provider_0122,Pediatrics,85,84,176.41011764705883,14994.86,8102.45
DR0289,Provider_0289,Other,85,85,937.894588235294,79721.04,35043.02
DR0333,Provider_0333,Pediatrics,84,84,273.44154761904764,22969.09,9328.0
DR0179,Provider_0179,Cardiology,84,84,305.1309523809524,25631.0,15295.64
DR0063,Provider_0063,Radiology,84,84,473.87059523809523,39805.13,18747.72
DR0164,Provider_0164,Family Medicine,83,83,178.79746987951808,14840.19,9584.7
DR0394,Provider_0394,Neurology,83,83,400.5707228915663,33247.37,15724.130000000001
DR0255,Provider_0255,Internal Medicine,83,83,224.24530120481927,18612.36,12056.27
DR0321,Provider_0321,Pediatrics,83,82,268.5553012048193,22290.09,12023.82
DR0371,Provider_0371,Internal Medicine,83,83,163.22048192771084,13547.3,8440.57
DR0447,Provider_0447,Other,83,83,843.488795180723,70009.57,42593.89
DR0005,Provider_0005,Emergency Medicine,82,82,468.42719512195123,38411.03,24251.45
DR0099,Provider_0099,Cardiology,82,82,439.20463414634145,36014.78,22986.5
DR0080,Provider_0080,Family Medicine,82,82,244.24939024390244,20028.45,9104.54
DR0420,Provider_0420,Family Medicine,80,80,158.933125,12714.65,7730.59
DR0391,Provider_0391,Family Medicine,80,79,216.066125,17285.29,8609.06
DR0008,Provider_0008,Family Medicine,80,80,340.686125,27254.89,16739.81
DR0340,Provider_0340,Pediatrics,80,80,213.32937499999997,17066.35,8957.44
DR0422,Provider_0422,Orthopedics,79,79,1242.3262025316455,98143.77,64560.61
DR0392,Provider_0392,Internal Medicine,79,78,204.50025316455697,16155.52,9295.82
DR0074,Provider_0074,Pediatrics,79,79,268.8635443037975,21240.22,12966.04
DR0069,Provider_0069,Internal Medicine,79,79,170.5340506329114,13472.19,7219.85
DR0385,Provider_0385,Emergency Medicine,79,77,397.68886075949365,31417.42,16905.68
DR0096,Provider_0096,Cardiology,79,78,344.0664556962025,27181.25,15376.37
DR0033,Provider_0033,Internal Medicine,79,79,367.3426582278481,29020.07,15091.02
DR0190,Provider_0190,Internal Medicine,79,79,189.44620253164558,14966.25,9198.37
DR0101,Provider_0101,Cardiology,78,76,321.29987179487176,25061.39,13628.73
DR0383,Provider_0383,Other,77,76,915.6967532467531,70508.65,44394.88
DR0039,Provider_0039,Internal Medicine,77,77,196.82467532467533,15155.5,7851.34
DR0238,Provider_0238,Family Medicine,77,77,240.72298701298698,18535.67,8103.07
DR0390,Provider_0390,Oncology,77,77,509.13597402597406,39203.47,23582.32
DR0309,Provider_0309,Other,76,76,759.7772368421053,57743.07,25241.95
DR0234,Provider_0234,Orthopedics,75,75,1116.4042666666667,83730.31999999999,54581.590000000004
DR0369,Provider_0369,Emergency Medicine,75,74,360.6354666666667,27047.66,14827.81
DR0270,Provider_0270,Radiology,75,75,845.5221333333333,63414.159999999996,36970.11
DR0195,Provider_0195,Other,74,74,652.585135135135,48291.299999999996,29693.14
DR0310,Provider_0310,Cardiology,74,74,414.17297297297296,30648.8,18276.69
DR0279,Provider_0279,Radiology,74,74,777.7644594594594,57554.57,31470.53
DR0037,Provider_0037,Oncology,74,73,706.4763513513514,52279.25,31300.86
DR0043,Provider_0043,Cardiology,73,73,505.41917808219176,36895.6,19904.12
DR0010,Provider_0010,Orthopedics,73,72,1067.5919178082193,77934.21,51691.39
DR0260,Provider_0260,Internal Medicine,72,72,240.02805555555557,17282.02,10778.75
DR0408,Provider_0408,Emergency Medicine,72,71,351.0025,25272.18,14548.47
DR0445,Provider_0445,Neurology,71,71,535.4083098591549,38013.99,23261.08
DR0213,Provider_0213,Other,70,70,1091.8384285714285,76428.69,32096.64
DR0406,Provider_0406,Family Medicine,69,69,246.34898550724634,16998.079999999998,9984.42
DR0246,Provider_0246,Orthopedics,69,69,1380.9826086956523,95287.8,54809.11
DR0055,Provider_0055,Other,69,69,898.9611594202898,62028.32,37337.21
DR0387,Provider_0387,Pediatrics,69,69,194.3150724637681,13407.74,8480.18
DR0268,Provider_0268,Family Medicine,67,67,225.0337313432836,15077.26,10079.199999999999
DR0292,Provider_0292,Oncology,67,67,781.156119402985,52337.46,28712.03
DR0167,Provider_0167,Cardiology,67,67,308.80313432835817,20689.809999999998,10796.73
DR0154,Provider_0154,Obstetrics & Gynecology,66,66,639.5622727272728,42211.11,26640.37
DR0353,Provider_0353,Radiology,66,66,633.3419696969697,41800.57,19762.68
DR0358,Provider_0358,Pediatrics,65,65,198.57538461538462,12907.4,7576.74
DR0347,Provider_0347,Family Medicine,65,65,193.15630769230768,12555.16,6508.08
DR0129,Provider_0129,Obstetrics & Gynecology,65,65,1117.380153846154,72629.71,47349.19
DR0051,Provider_0051,Family Medicine,64,64,206.5346875,13218.22,7349.28
DR0319,Provider_0319,Orthopedics,64,64,2223.6771875,142315.34,77777.36
DR0334,Provider_0334,Other,63,63,909.8784126984126,57322.34,32663.899999999998
DR0330,Provider_0330,Family Medicine,62,62,303.1029032258065,18792.38,10734.5
DR0323,Provider_0323,Family Medicine,62,62,231.6256451612903,14360.789999999999,7753.3
DR0348,Provider_0348,Internal Medicine,61,60,172.93622950819673,10549.11,5698.89
DR0284,Provider_0284,Internal Medicine,60,60,291.9918333333333,17519.51,10093.08
DR0004,Provider_0004,Family Medicine,60,60,185.95666666666665,11157.4,5697.8099999999995
DR0169,Provider_0169,Family Medicine,60,60,268.1005,16086.03,8801.01
DR0075,Provider_0075,Emergency Medicine,60,60,311.1081666666667,18666.49,11713.619999999999
DR0127,Provider_0127,Neurology,60,60,529.5266666666666,31771.6,20974.04
DR0274,Provider_0274,Oncology,60,60,805.0215000000001,48301.29,31966.48
DR0121,Provider_0121,Pediatrics,60,60,209.96383333333333,12597.83,6500.0
DR0150,Provider_0150,Other,60,60,646.213,38772.78,22404.850000000002
DR0448,Provider_0448,Orthopedics,60,60,2118.4755,127108.53,72508.19
DR0426,Provider_0426,Emergency Medicine,59,59,457.4077966101695,26987.06,14914.73
DR0172,Provider_0172,Radiology,59,59,743.6377966101694,43874.63,26667.83
DR0295,Provider_0295,Internal Medicine,59,59,269.4137288135593,15895.41,8972.57
DR0326,Provider_0326,Family Medicine,59,59,201.08305084745763,11863.9,6562.4800000000005
DR0130,Provider_0130,General Surgery,59,59,1842.056440677966,108681.33,58977.25
DR0298,Provider_0298,Family Medicine,59,59,242.09593220338982,14283.66,8406.77
DR0276,Provider_0276,Other,59,59,944.7572881355932,55740.68,35238.95
DR0449,Provider_0449,Emergency Medicine,58,58,450.5113793103448,26129.66,17331.7
DR0193,Provider_0193,Other,58,58,818.1775862068966,47454.3,29174.63
DR0432,Provider_0432,Neurology,58,58,547.23,31739.34,17105.33
DR0222,Provider_0222,Pediatrics,58,58,185.8310344827586,10778.199999999999,6230.44
DR0328,Provider_0328,Emergency Medicine,58,58,330.49051724137934,19168.45,12273.26
DR0444,Provider_0444,Emergency Medicine,58,58,418.9629310344827,24299.85,15738.41
DR0120,Provider_0120,Internal Medicine,57,57,234.98157894736843,13393.95,6545.81
DR0252,Provider_0252,Pediatrics,57,57,237.09070175438598,13514.17,7559.72
DR0315,Provider_0315,Internal Medicine,56,56,202.7980357142857,11356.689999999999,6872.43
DR0155,Provider_0155,Family Medicine,55,55,290.24800000000005,15963.640000000001,9377.38
DR0149,Provider_0149,Other,55,55,937.8178181818181,51579.979999999996,26354.11
DR0223,Provider_0223,Internal Medicine,55,55,264.96036363636364,14572.82,8079.54
DR0377,Provider_0377,Family Medicine,54,54,199.74703703703705,10786.34,5955.56
DR0306,Provider_0306,Oncology,53,53,527.9879245283018,27983.36,15127.22
DR0379,Provider_0379,Radiology,53,53,635.0535849056605,33657.840000000004,17713.36
DR0293,Provider_0293,Oncology,53,53,878.1607547169812,46542.520000000004,27802.65
DR0203,Provider_0203,Internal Medicine,53,53,192.09415094339622,10180.99,5058.45
DR0237,Provider_0237,Obstetrics & Gynecology,53,52,744.923962264151,39480.97,20696.31
DR0317,Provider_0317,Emergency Medicine,53,53,402.3575471698113,21324.95,13338.92
DR0266,Provider_0266,Emergency Medicine,52,51,391.08,20336.16,13506.7
DR0421,Provider_0421,Internal Medicine,52,52,189.06807692307694,9831.54,5870.83
DR0365,Provider_0365,Other,52,52,813.7019230769231,42312.5,23968.69
DR0056,Provider_0056,Internal Medicine,52,52,140.15384615384616,7288.0,4216.43
DR0192,Provider_0192,Obstetrics & Gynecology,51,51,1004.2164705882353,51215.04,25713.57
DR0272,Provider_0272,Internal Medicine,51,51,190.91078431372551,9736.45,5171.64
DR0050,Provider_0050,Emergency Medicine,51,51,472.39313725490194,24092.05,15187.94
DR0002,Provider_0002,Obstetrics & Gynecology,50,50,1341.1298000000002,67056.49,38930.68
DR0106,Provider_0106,Internal Medicine,50,50,200.6902,10034.51,6523.99
DR0429,Provider_0429,Family Medicine,50,50,254.707,12735.35,7551.65
DR0254,Provider_0254,Cardiology,49,49,462.7795918367347,22676.2,14223.27
DR0308,Provider_0308,Internal Medicine,49,49,209.15755102040816,10248.72,5275.7
DR0230,Provider_0230,Cardiology,49,49,478.8195918367347,23462.16,12110.07
DR0095,Provider_0095,Pediatrics,48,48,257.59041666666667,12364.34,7046.61
DR0256,Provider_0256,General Surgery,47,47,4112.892553191489,193305.95,133985.06
DR0044,Provider_0044,Emergency Medicine,47,47,300.20297872340427,14109.54,9247.17
DR0142,Provider_0142,Other,47,46,674.1293617021277,31684.079999999998,15510.64
DR0320,Provider_0320,Other,46,46,780.5876086956522,35907.03,22606.02
DR0097,Provider_0097,Family Medicine,45,45,248.98133333333334,11204.16,6333.97
DR0373,Provider_0373,Other,45,45,976.7046666666666,43951.71,24248.52
DR0134,Provider_0134,Other,45,45,835.6099999999999,37602.45,19798.47
DR0174,Provider_0174,Emergency Medicine,44,44,572.4975,25189.89,9635.45
DR0182,Provider_0182,Oncology,43,43,991.7583720930232,42645.61,26309.56
DR0092,Provider_0092,Obstetrics & Gynecology,42,42,761.6678571428571,31990.05,18959.07
DR0024,Provider_0024,Other,42,42,856.2171428571428,35961.119999999995,21324.42
DR0012,Provider_0012,Pediatrics,41,41,191.49146341463413,7851.15,4324.42
DR0212,Provider_0212,Internal Medicine,40,40,213.752,8550.08,5307.45
DR0094,Provider_0094,Family Medicine,40,40,182.38150000000002,7295.26,4599.2
DR0073,Provider_0073,Other,40,40,1226.78,49071.2,33982.51
DR0207,Provider_0207,Pediatrics,40,40,296.63775,11865.51,6784.740000000001
DR0399,Provider_0399,General Surgery,39,39,2925.8266666666664,114107.23999999999,66635.51
DR0396,Provider_0396,Oncology,39,39,664.6733333333333,25922.26,18566.79
DR0359,Provider_0359,Family Medicine,38,38,176.6371052631579,6712.21,4311.27
DR0414,Provider_0414,Emergency Medicine,38,38,472.8089473684211,17966.74,11538.9
DR0041,Provider_0041,Radiology,37,37,708.8105405405406,26225.99,15244.53
DR0100,Provider_0100,Internal Medicine,37,37,187.43594594594595,6935.13,3669.61
DR0091,Provider_0091,Other,35,35,1106.9828571428573,38744.4,25592.23
DR0304,Provider_0304,Obstetrics & Gynecology,34,34,473.91794117647055,16113.21,6732.96
DR0239,Provider_0239,Family Medicine,34,34,113.67617647058823,3864.99,2403.56
DR0124,Provider_0124,Neurology,34,34,477.23264705882355,16225.91,7445.83
DR0219,Provider_0219,Pediatrics,32,32,357.17375,11429.56,8382.43
DR0273,Provider_0273,Emergency Medicine,32,32,446.8653125,14299.69,7963.75
DR0384,Provider_0384,Other,30,30,880.2576666666666,26407.73,11167.13
DR0053,Provider_0053,Neurology,30,30,796.8036666666667,23904.11,15063.32
DR0165,Provider_0165,Internal Medicine,29,29,344.878275862069,10001.470000000001,4251.74
DR0418,Provider_0418,Emergency Medicine,28,28,393.2117857142857,11009.93,5842.27
DR0011,Provider_0011,General Surgery,27,27,4767.125925925926,128712.4,61526.55
DR0322,Provider_0322,Neurology,27,27,383.97444444444443,10367.31,6233.31
DR0205,Provider_0205,Internal Medicine,27,27,234.2862962962963,6325.7300000000005,2955.82
DR0119,Provider_0119,Family Medicine,23,23,350.38391304347823,8058.83,6127.78
DR0072,Provider_0072,Other,21,21,782.1733333333333,16425.64,10281.6
DR0087,Provider_0087,Internal Medicine,21,21,235.01714285714283,4935.36,2640.25
DR0411,Provider_0411,Cardiology,20,20,411.395,8227.9,4988.35
DR0138,Provider_0138,Family Medicine,20,20,276.7875,5535.75,3289.4
DR0364,Provider_0364,Family Medicine,18,18,177.35944444444442,3192.47,2090.09
DR0208,Provider_0208,Emergency Medicine,14,14,520.24,7283.360000000001,5324.71
DR0146,Provider_0146,Pediatrics,14,14,531.1664285714286,7436.33,4277.34
