Analysis_No,Analysis_Name,Result_Rows,Result_File
1,01_overall_kpis,1,01_01_overall_kpis.csv
2,02_monthly_trend,43,02_02_monthly_trend.csv
3,03_mom_growth,43,03_03_mom_growth.csv
4,04_payer_performance,7,04_04_payer_performance.csv
5,05_status_mix,5,05_05_status_mix.csv
6,06_claim_type_mix,3,06_06_claim_type_mix.csv
7,07_specialty_summary,12,07_07_specialty_summary.csv
8,08_top_providers_volume,20,08_08_top_providers_volume.csv
9,09_provider_financial_intensity,403,09_09_provider_financial_intensity.csv
10,10_facility_performance,25,10_10_facility_performance.csv
11,11_facility_type,4,11_11_facility_type.csv
12,12_diagnosis_mix,25,12_12_diagnosis_mix.csv
13,13_procedure_mix,25,13_13_procedure_mix.csv
14,14_payer_status_matrix,35,14_14_payer_status_matrix.csv
15,15_denial_rate_by_payer,7,15_15_denial_rate_by_payer.csv
16,16_p99_high_value,752,16_16_p99_high_value.csv
17,17_provider_weekly_volume,37287,17_17_provider_weekly_volume.csv
18,18_provider_vs_specialty_volume,403,18_18_provider_vs_specialty_volume.csv
19,19_provider_denial_rate,257,19_19_provider_denial_rate.csv
20,20_procedure_concentration,6365,20_20_procedure_concentration.csv
21,21_duplicate_claim_ids,25,21_21_duplicate_claim_ids.csv
22,22_duplicate_patient_provider_procedure_date,25,22_22_duplicate_patient_provider_procedure_date.csv
23,23_financial_exceptions,1,23_23_financial_exceptions.csv
24,24_missing_provider_by_payer,17,24_24_missing_provider_by_payer.csv
25,25_claim_line_completeness,1,25_25_claim_line_completeness.csv
26,26_submission_lag_by_month,43,26_26_submission_lag_by_month.csv
27,27_long_submission_lag,0,27_27_long_submission_lag.csv
28,28_patient_utilization_buckets,5,28_28_patient_utilization_buckets.csv
29,29_high_utilization_patients,100,29_29_high_utilization_patients.csv
30,30_header_line_reconciliation,100,30_30_header_line_reconciliation.csv
31,31_provider_avg_vs_specialty,257,31_31_provider_avg_vs_specialty.csv
32,32_payer_claim_type_payment,21,32_32_payer_claim_type_payment.csv
33,33_facility_month_spikes,100,33_33_facility_month_spikes.csv
34,34_member_responsibility,7,34_34_member_responsibility.csv
35,35_month_status_mix,179,35_35_month_status_mix.csv
36,36_top_diagnoses_by_specialty,36,36_36_top_diagnoses_by_specialty.csv
